,xPixel,yPixel,R,upLine,leftLine,depth,dip_x,dip_azimuth_x,ang_nxt,ang_prev,dist_nxt,dist_prev,cosHit_nxt,cosHit_prev,an_diff,ap_diff,hitNext,hitPrev,dip_y,dip_azimuth_y,err
0,22.5,240.5,7.4,2,0,1363.5,0.9545454545454546,171.35186320074226,115.974396,,43.382023,,1.077794,,55.37746744878913,,False,False,1.0,167.0,0.024177017781901435
1,61.5,259.5,7.4,2,2,1365.5,4.95,99.06279591292912,99.462326,295.9744,127.738014,43.382023,2.4281676,1.077794,0.39953013687556904,163.088400160976,False,False,4.9,101.0,0.010762244928171565
2,187.5,280.5,7.4,2,9,1367.5,19.8,16.064237175069575,259.11447,279.46234,105.90562,127.738014,2.0498,2.4281676,116.94976573952272,96.60189586647584,False,False,19.8,21.0,0.027420904582946864
3,83.5,300.5,7.0,2,3,1369.5,7.277777777777778,90.03622494912943,96.55255,79.11447,148.97314,105.90562,2.8406208,2.0498,6.5163263204018165,10.921753513582559,False,False,7.4,96.0,0.03313208361594759
4,231.5,317.5,8.0,3,12,1371.5,25.666666666666668,98.96543734077851,115.51388,276.55255,48.754486,148.97314,1.1319534,2.8406208,16.548440527873822,177.58711392875273,False,False,25.9,95.0,0.022030207448769563
5,275.5,338.5,8.4,3,16,1373.5,32.07142857142857,135.56590919230592,100.22217,295.5139,123.967735,48.754486,2.2870665,1.1319534,35.343741223555924,159.94797630574095,False,False,32.3,136.0,0.002411615598300424
6,397.5,360.5,7.1,3,25,1375.5,51.72727272727273,276.9748595615535,267.0047,280.22217,344.4706,123.967735,6.3911066,2.2870665,9.970159854522251,3.247308407196499,False,False,52.1,277.0,0.00013966910248055026
7,53.5,378.5,8.2,3,2,1377.5,4.15,294.22157300043614,222.27368,87.0047,29.732138,344.4706,0.95936793,6.3911066,71.94789135981114,152.7831267065951,False,False,4.2,293.0,0.006786516669089653
8,33.5,400.5,7.4,3,0,1379.5,1.9545454545454546,195.44821896334662,97.37854,42.27368,140.16063,29.732138,2.6462443,0.95936793,98.06967892428412,153.17453732272162,False,False,2.0,193.0,0.013601216463036773
9,172.5,418.5,7.4,4,8,1381.5,17.8125,329.31686208892654,251.00334,277.37854,64.513565,140.16063,1.3696766,2.6462443,78.31352041412185,51.93832204986404,False,False,17.7,335.0,0.03157298839485255
10,111.5,439.5,7.4,4,5,1383.5,10.411764705882353,323.96211636390336,188.97263,71.00336,19.235384,64.513565,0.99637413,1.3696766,134.9894906314815,107.04124056969039,False,False,10.5,326.0,0.01132157575609243
11,108.5,458.5,7.3,4,5,1385.5,10.058823529411764,196.3658153521691,256.7595,8.972626,87.32124,19.235384,1.7408261,0.99637413,60.39367561462777,172.6068103802528,False,False,10.3,201.0,0.02574547026572718
12,23.5,478.5,7.4,4,0,1387.5,1.0454545454545454,246.31830335106702,161.56505,76.75949,22.135944,87.32124,0.9647395,1.7408261,84.75325513329358,169.55881238427014,False,False,1.2,250.0,0.020453870271849913
13,30.5,499.5,7.4,4,0,1389.5,1.6818181818181819,246.31830335106702,148.24052,341.56506,24.698177,22.135944,0.9533173,0.9647395,98.07777905907483,95.24676012549548,False,False,1.8,249.0,0.014898314716294356
14,43.5,520.5,7.4,5,1,1391.5,3.0555555555555554,8.032118587534788,176.98721,328.24054,19.026299,24.698177,0.9996508,0.9533173,168.95509454723083,39.79157903675355,False,False,3.0,13.0,0.027599341180362242
15,44.5,539.5,8.4,5,1,1393.5,3.166666666666667,40.92555749201691,199.29005,356.9872,21.189621,19.026299,0.9846345,0.9996508,158.36449682927218,43.93834435725125,False,False,3.1,15.0,0.14403087495564948
16,37.5,559.5,7.4,5,1,1395.5,2.388888888888889,206.15771041339303,125.1342,19.29004,33.01515,21.189621,0.9784698,0.9846345,81.02350936358835,173.13232864910697,False,False,2.4,204.0,0.011987280074405741
17,64.5,578.5,7.4,5,2,1397.5,5.25,152.61025316316108,139.18492,305.13422,29.068884,33.01515,0.95750225,0.9784698,13.425331898512638,152.52396314543267,True,False,5.3,155.0,0.0132763713157718
18,83.5,600.5,7.4,5,3,1399.5,7.277777777777778,182.06135465078864,96.446754,319.18494,178.12636,29.068884,3.3201723,0.95750225,85.61460019522224,137.12358187264886,False,False,6.9,165.0,0.09478530361549246
19,260.5,620.5,7.3,6,14,1401.5,29.785714285714285,320.1031784507971,261.076,276.44675,122.48265,178.12636,2.344177,3.3201723,59.02718968126584,43.65643162462521,False,False,30.1,316.0,0.022795435837761602
20,139.5,639.5,8.4,6,6,1403.5,13.705882352941176,40.92555749201691,258.4654,81.07599,100.02,122.48265,1.8904805,2.344177,142.46016442561063,40.15043127751434,False,False,13.9,169.0,0.711524680599906
21,41.5,659.5,8.4,6,1,1405.5,2.8333333333333335,66.50403092452746,146.30992,78.46539,25.23886,100.02,0.9578045,1.8904805,79.80589034012098,11.961362141878794,False,False,2.9,65.0,0.008355727358485865
22,55.5,680.5,7.4,6,2,1407.5,4.35,182.06135465078864,141.34018,326.30994,25.612497,25.23886,0.9520593,0.9578045,40.72117520742927,144.24858187264886,False,False,4.4,190.0,0.044103585273396424
23,71.5,700.5,7.4,6,2,1409.5,5.95,40.16059293767395,238.7816,321.34018,38.587563,25.612497,1.0258576,0.9520593,161.37899198552554,78.82041349431455,False,False,6.0,42.0,0.01021892812403359
24,38.5,720.5,8.2,7,1,1411.5,2.5,95.49296667558036,93.62773,58.781616,347.69672,38.587563,6.2017937,1.0258576,1.8652353523381748,36.71135046464286,False,False,2.6,89.0,0.03607203708655757
25,385.5,742.5,8.4,7,24,1413.5,49.583333333333336,40.92555749201691,263.6937,273.62775,373.25864,347.69672,6.6061745,6.2017937,137.2318624236575,127.29781090998563,False,False,49.6,15.0,0.14403087495564948
26,14.5,783.5,7.4,7,0,1417.5,0.22727272727272727,254.3504219386018,103.15755,83.693695,79.07591,373.25864,1.5999771,6.6061745,151.1928749415315,170.65672687024244,False,False,0.2,354.0,0.5536087670077677
27,91.5,801.5,7.4,7,4,1419.5,8.166666666666666,318.6073706388802,242.90443,283.15753,48.30114,79.07591,1.1384163,1.5999771,75.70293643477862,35.449838900598934,False,False,8.3,320.0,0.007736829783998978
28,48.5,823.5,7.4,8,1,1421.5,3.611111111111111,251.67304907609022,211.75948,62.90442,24.698177,48.30114,0.9533173,1.1384163,39.91357336808241,171.23136986922225,False,False,3.6,251.0,0.003739161533834571
29,35.5,844.5,7.4,8,1,1423.5,2.1666666666666665,267.7372862511598,106.782646,31.75946,65.802734,24.698177,1.3894318,0.9533173,160.95464007196057,124.02217419805896,False,False,2.2,271.0,0.018126187493556736
30,98.5,863.5,6.6,8,4,1425.5,8.944444444444445,27.813485329287566,135.0,286.78265,28.284271,65.802734,0.9550441,1.3894318,107.18651467071243,101.03083152069382,False,False,8.9,36.0,0.04548063705951348
31,118.5,883.5,7.4,8,5,1427.5,11.235294117647058,64.25694870027833,257.34744,315.0,100.43903,28.284271,1.9564244,0.9550441,166.9095060733252,109.25694870027831,False,False,11.2,64.0,0.0014274927793239713
32,20.5,905.5,7.4,8,0,1429.5,0.7727272727272727,251.67304907609022,144.16234,77.34744,22.203604,100.43903,0.9642653,1.9564244,107.51071081925429,174.3256064491371,False,False,0.8,250.0,0.009294717089390126
33,33.5,923.5,7.4,9,0,1431.5,1.9545454545454546,251.67304907609022,190.30484,324.16235,22.36068,22.203604,0.9632042,0.9642653,61.3682089881996,72.48930443953478,False,False,2.0,256.0,0.024038616243943208
34,29.5,945.5,7.4,9,0,1433.5,1.5909090909090908,262.3825405261366,211.42957,10.30484,21.095022,22.36068,0.9734168,0.9632042,50.95297509644911,107.92229956175402,False,False,1.5,261.0,0.007680780700758937
35,18.5,963.5,7.4,9,0,1435.5,0.5909090909090909,262.3825405261366,185.19443,31.429565,22.090721,21.095022,0.9650622,0.9734168,77.18811303590223,129.0470249035509,False,False,0.6,268.0,0.03120810818812995
36,16.5,985.5,7.4,9,0,1437.5,0.4090909090909091,265.05991338864817,146.30992,5.1944275,21.633308,22.090721,0.9685971,0.9650622,118.74999212399973,100.1345141015862,False,False,0.5,263.0,0.011443963270267608
37,28.5,1003.5,6.2,9,0,1439.5,1.5,283.64247551528416,177.13759,326.30994,20.024984,21.633308,0.9691681,0.9685971,106.5048870143076,42.66746100815334,False,False,1.4,295.0,0.06309735824842133
38,29.5,1023.5,7.4,10,0,1441.0,1.5909090909090908,326.639489226415,124.50853,357.13757,38.832977,20.024984,1.0283028,0.9691681,157.86904043667096,30.49808401577252,False,False,1.4,295.0,0.17577494014674988
39,61.5,1045.5,7.4,10,2,1443.5,4.95,40.16059293767395,164.05461,304.50854,21.84033,38.832977,0.96693563,1.0283028,123.8940182683807,95.65204801579893,False,False,5.0,40.0,0.0008921829870775215
40,67.5,1066.5,7.4,10,2,1445.5,5.55,34.80584721265075,236.30992,344.05463,36.05551,21.84033,1.0022445,0.96693563,158.4959259480023,50.751220747807,False,False,5.6,38.0,0.017745293263051406
41,37.5,1086.5,7.4,10,1,1447.5,2.388888888888889,16.064237175069575,201.37064,56.309937,24.698177,36.05551,0.9533173,1.0022445,174.69360118874147,40.24569934836791,False,False,2.4,21.0,0.027420904582946864
42,28.5,1109.5,7.4,10,0,1449.5,1.5,353.41321785153093,136.63658,21.370636,24.758837,24.698177,0.95319283,0.9533173,143.2233635693675,27.957418134797194,False,True,1.5,353.0,0.002295654730727392
43,45.5,1127.5,7.4,11,1,1451.5,3.2777777777777777,32.12847435013915,100.43748,316.6366,115.918076,24.758837,2.2223845,0.95319283,68.30900276167725,75.49187767045163,False,False,3.3,22.0,0.056269301945217544
44,159.5,1148.5,8.4,11,8,1453.5,16.1875,166.26007731131867,245.13629,280.43747,45.188496,115.918076,1.0823509,2.2223845,78.87621419258755,114.17739217110318,False,False,16.3,167.0,0.0041106816037851795
45,118.5,1167.5,7.4,11,5,1455.5,11.235294117647058,246.31830335106702,249.32556,65.13629,56.648037,45.188496,1.2528626,1.0823509,3.0072581723704843,178.81798815283923,False,False,11.2,249.0,0.014898314716294356
46,65.5,1187.5,7.4,11,2,1457.5,5.35,232.93143903850904,233.47116,69.32556,33.600594,56.648037,0.98260164,1.2528626,0.5397218501628345,163.60587751507154,True,False,5.3,232.0,0.005174661325050225
47,38.5,1207.5,7.4,11,1,1459.5,2.5,254.3504219386018,129.80557,53.47116,31.241,33.600594,0.9674477,0.98260164,124.54484942883619,159.12073895007006,False,False,2.4,266.0,0.06471987811887882
48,62.5,1227.5,7.4,12,2,1461.5,5.05,80.32118587534792,228.01279,309.80557,26.907248,31.241,0.95236397,0.9674477,147.69160098988647,130.51561336558228,False,False,5.1,79.0,0.007339921529710598
49,42.5,1245.5,6.0,12,1,1463.5,2.9444444444444446,45.83662361046587,169.2157,48.012787,21.377558,26.907248,0.95581627,0.95236397,123.37907463172166,2.176163254768511,False,True,2.7,46.0,0.0009076466085229779
50,46.5,1266.5,7.4,12,1,1465.5,3.388888888888889,211.51245613841624,182.7263,349.2157,21.023796,21.377558,0.97411084,0.95581627,28.786153037830303,137.70324210377123,False,False,3.3,177.0,0.19173586743564577
51,45.5,1287.5,7.4,12,1,1467.5,3.2777777777777777,283.8015234262294,98.99715,2.7263184,121.49486,21.023796,2.319235,0.97411084,175.19562318021593,78.92479493314562,False,False,3.0,285.0,0.006658203187614555
52,165.5,1306.5,8.4,12,8,1469.5,16.9375,291.5945971306208,236.74564,278.99713,72.94518,121.49486,1.4619017,2.319235,54.84896114429267,12.597465782964548,False,False,17.0,291.0,0.0033033173923377665
53,104.5,1346.5,8.4,13,4,1473.5,9.61111111111111,306.94168119012716,98.187805,56.745636,140.43147,72.94518,2.5646658,1.4619017,151.2461239856541,109.80395479620097,False,False,9.7,308.0,0.0058795489437380236
54,243.5,1366.5,8.4,13,13,1475.5,27.357142857142858,266.0161236981101,251.87814,278.1878,57.870544,140.43147,1.2427803,2.5646658,14.137980387563232,12.171681477671143,False,False,27.5,263.0,0.01675624276727837
55,188.5,1384.5,7.3,13,9,1477.0,19.933333333333334,177.5362166197693,115.769325,71.87814,96.60745,57.870544,1.8972985,1.2427803,61.76689136342165,105.65807330922243,False,False,27.5,263.0,0.4747987965568372
56,275.5,1426.5,8.4,14,16,1481.5,32.07142857142857,0.0,97.570885,295.76932,159.38947,96.60745,2.8874574,1.8972985,97.57088470458984,64.23068237304688,False,False,32.2,0.0,0.0
57,433.5,1447.5,8.4,14,29,1483.5,58.09090909090909,212.30132948983783,264.78308,277.5709,230.95671,159.38947,4.1222496,2.8874574,52.481751564849674,65.26956284414655,False,False,58.2,212.0,0.001674052721321257
58,203.5,1468.5,8.4,14,10,1485.5,21.933333333333334,204.62778746008465,132.27368,84.78308,59.464275,230.95671,1.2648371,4.1222496,72.35410581945965,119.84470640539715,False,False,21.9,204.0,0.0034877081115813743
59,247.5,1508.5,7.4,14,13,1489.5,27.928571428571427,238.2861847635322,255.79323,312.27368,81.49233,59.464275,1.6394174,1.2648371,17.50704338588187,73.98749687709281,False,False,28.1,239.0,0.00396564020259894
60,168.5,1528.5,6.3,15,8,1491.5,17.3125,262.4880514606427,97.6668,75.79321,157.40712,81.49233,3.0675595,1.6394174,164.82125000800596,173.30516142998232,False,False,17.4,264.0,0.008399714107540666
61,324.5,1549.5,7.3,15,19,1493.5,39.61538461538461,330.86294915502555,265.064,277.6668,220.81892,157.40712,4.1002717,3.0675595,65.79895379369742,53.1961400729943,False,False,39.5,335.0,0.02298361580541363
62,104.5,1568.5,7.1,15,4,1495.5,9.61111111111111,138.48742978077675,127.87499,85.063995,34.20526,220.81892,0.989213,4.1002717,10.612437410171282,53.423434419448625,True,False,9.9,6.0,0.736041276559871
63,131.5,1589.5,7.4,15,6,1497.5,12.764705882352942,291.8336420137642,96.90032,307.875,158.14551,34.20526,2.964363,0.989213,165.06667994668504,16.041357986235823,False,True,12.9,291.0,0.004631344520912093
64,288.5,1608.5,8.4,15,16,1499.5,33.92857142857143,40.92555749201691,133.72697,276.90033,31.827662,158.14551,0.96751094,2.964363,92.80141699528781,124.02522790217313,False,False,34.1,44.0,0.01708023615546163
65,311.5,1630.5,6.3,16,18,1501.5,37.583333333333336,33.869425994921556,264.6,313.727,201.89601,31.827662,3.8968232,0.96751094,129.26941989140596,80.14243624882783,False,False,37.8,37.0,0.017392077805991352
66,110.5,1649.5,7.4,16,5,1503.5,10.294117647058824,13.386864312557979,155.77226,84.600006,21.931713,201.89601,0.96623486,3.8968232,142.3853982606842,71.21314179095765,False,False,10.5,12.0,0.0077048017364331955
67,119.5,1669.5,7.4,16,5,1505.5,11.352941176470589,2.6773728625115956,164.05461,335.77228,21.84033,21.931713,0.96693563,0.96623486,161.37723834354313,26.905095030480425,False,True,11.4,6.0,0.018459039652713394
68,125.5,1690.5,8.2,16,6,1507.5,12.058823529411764,43.87514685094233,102.724365,344.05463,95.34149,21.84033,1.8252337,0.96693563,58.849218383432685,59.820520386098565,False,False,12.4,0.0,0.24375081583856842
69,218.5,1711.5,8.4,16,11,1509.5,23.933333333333334,79.29326764078272,104.198555,282.72437,85.61542,95.34149,1.6586778,1.8252337,24.905287351893065,156.5689024064077,False,False,24.0,77.0,0.012740375782126199
70,301.5,1732.5,8.4,17,17,1511.5,35.92307692307692,79.29326764078272,185.7106,284.19855,20.09975,85.61542,0.9986083,1.6586778,106.41733416585794,155.09472027750144,False,False,35.9,79.0,0.0016292646710150886
71,299.5,1752.5,6.3,17,17,1513.5,35.61538461538461,276.60031229186,257.53506,5.710602,97.29337,20.09975,1.9710693,0.9986083,19.065247594594382,89.11028951478062,False,False,35.8,281.0,0.024442709489666627
72,204.5,1773.5,8.4,17,11,1515.5,22.066666666666666,347.8672386821442,105.32152,77.535065,75.690155,97.29337,1.5037857,1.9710693,117.45427926219173,89.66782601512142,False,False,22.0,349.0,0.006293118432532196
73,277.5,1793.5,8.4,17,16,1517.5,32.357142857142854,327.40445993613565,261.75366,285.32153,139.44174,75.690155,2.5478961,1.5037857,65.65079782676065,42.08292673301065,False,False,32.5,325.0,0.013358110756309176
74,139.5,1813.5,8.4,17,6,1519.5,13.705882352941176,79.29326764078272,246.8014,81.75366,53.310413,139.44174,1.1816512,2.5478961,167.50813921956887,2.460394468592284,False,False,13.8,75.0,0.023851486893237312
75,90.5,1834.5,7.4,18,4,1521.5,8.055555555555555,329.31686208892654,237.99461,66.80139,37.735924,53.310413,1.017577,1.1816512,91.3222484414656,97.48452951263596,False,False,8.1,335.0,0.03157298839485255
76,58.5,1854.5,7.4,18,2,1523.5,4.65,42.837965800185536,119.9315,57.99463,38.078865,37.735924,1.0208726,1.017577,77.0935374957129,15.156663106064457,False,False,4.6,339.0,0.35465536555658633
77,91.5,1873.5,7.1,18,4,1525.5,8.166666666666666,219.95062376946868,180.0,299.93152,20.0,38.078865,0.98148245,1.0208726,39.95062376946868,79.98089478521882,False,False,8.1,2.0,0.7891632012807296
78,91.5,1893.5,7.4,18,4,1527.5,8.166666666666666,323.96211636390336,120.96377,0.0,40.81666,20.0,1.0489656,0.98148245,157.00165164146773,36.03788363609664,False,False,8.2,328.0,0.022432686867203542
79,126.5,1914.5,7.4,18,6,1529.5,12.176470588235293,313.25262491385695,249.67685,300.96378,57.58472,40.81666,1.2663908,1.0489656,63.57577554862257,12.288849279091323,False,False,12.0,316.0,0.015263194923016954
80,72.5,1934.5,7.4,19,3,1531.5,6.055555555555555,302.54313346381053,160.70995,69.67685,21.189621,57.58472,0.972516,1.2663908,141.8331877850996,127.13371590142384,False,False,6.2,300.0,0.014128519243391856
81,79.5,1954.5,7.4,19,3,1533.5,6.833333333333333,265.05991338864817,228.65222,340.70996,33.30165,21.189621,0.98046315,0.972516,36.40769170896067,75.65004754885183,False,False,7.0,271.0,0.03300048117417684
82,54.5,1976.5,7.4,19,2,1535.5,4.25,190.09347323832344,205.46333,48.65222,23.259407,33.30165,0.95815325,0.98046315,15.369859891559372,141.44125155863594,True,False,4.3,345.0,0.8605918153426475
83,44.5,1997.5,6.2,19,1,1538.0,3.166666666666667,62.401344613362525,142.59465,25.463318,21.400934,23.259407,0.9576855,0.95815325,80.19330565519215,36.93802674226879,False,False,3.3,70.0,0.042214752147985896
84,57.5,2014.5,7.4,19,2,1539.5,4.55,187.41610037581185,139.63547,322.59467,26.24881,21.400934,0.95192146,0.9576855,47.780632846514976,135.17856515153187,False,False,4.6,197.0,0.05324388680104527
85,74.5,2034.5,7.4,20,3,1541.5,6.277777777777778,291.8336420137642,200.85445,319.63547,22.472204,26.24881,0.9624841,0.95192146,90.97919560263136,27.8018255155327,False,True,6.5,296.0,0.023146433256865686
86,66.5,2055.5,7.4,20,2,1543.5,5.45,294.5110148762758,138.36646,20.854431,24.083189,22.472204,0.95492977,0.9624841,156.1445597981508,86.34341627606796,False,False,5.5,297.0,0.013827695131801142
87,82.5,2073.5,6.2,20,3,1545.5,7.166666666666667,207.05900712615778,171.8699,318.36646,21.213203,24.083189,0.95896363,0.95492977,35.189103561704655,111.30744795196722,False,False,7.4,214.0,0.03856107152134566
88,85.5,2094.5,7.4,20,3,1547.5,7.5,216.86720186343942,133.66779,351.8699,30.413813,21.213203,0.9631603,0.95896363,83.19941621890817,135.00270170101373,False,False,7.5,216.0,0.004817788130218995
89,107.5,2115.5,7.4,20,4,1549.5,9.944444444444445,238.2861847635322,105.32152,313.6678,75.690155,30.413813,1.5452155,0.9631603,132.96466681919625,75.38160088099906,False,False,10.1,242.0,0.020632306869265607
90,180.5,2135.5,7.4,21,9,1551.5,18.866666666666667,42.837965800185536,214.38034,285.32153,23.021729,75.690155,0.95932615,1.5452155,171.54237477598633,117.51643259706054,False,False,19.1,44.0,0.00645574555452476
91,167.5,2154.5,7.4,21,8,1553.5,17.1875,48.192711525208736,260.76443,34.38034,124.61541,23.021729,2.3736207,0.95932615,147.4282767107556,13.812370949036847,False,True,17.1,51.0,0.015596047082173768
92,44.5,2174.5,7.4,21,1,1555.5,3.166666666666667,32.12847435013915,118.21735,80.764435,46.52956,124.61541,1.1158737,2.3736207,86.08887184126706,48.63596046431397,False,False,3.2,29.0,0.01738041305632865
93,85.5,2196.5,7.4,21,3,1557.5,7.5,275.7694048386946,235.8403,298.21735,33.83785,46.52956,0.9843408,1.1158737,39.92910332502271,22.447941352711666,False,False,7.3,275.0,0.004274471326081021
94,57.5,2215.5,7.4,21,2,1559.5,4.55,21.418982900092765,239.30025,55.8403,37.215588,33.83785,1.0126814,0.9843408,142.11873570770996,34.4213186135791,False,False,4.6,26.0,0.025450094999484602
95,25.5,2234.5,7.4,22,0,1561.5,1.2272727272727273,101.7401687754407,108.138084,59.300232,61.03278,37.215588,1.3171328,1.0126814,6.397915636180414,42.43993684184693,False,False,1.4,100.0,0.009667604308003775
96,83.5,2253.5,7.4,22,3,1563.5,7.277777777777778,257.02779480111343,164.74489,288.1381,22.803509,61.03278,0.9605042,1.3171328,92.28290649544937,31.110297239902195,False,False,7.1,259.0,0.010956695549369833
97,89.5,2275.5,7.4,22,3,1565.5,7.944444444444445,265.05991338864817,101.706436,344.74487,113.35784,22.803509,2.1780837,0.9605042,163.3534772314216,79.68495965822683,False,False,8.0,271.0,0.03300048117417684
98,200.5,2298.5,7.4,22,10,1567.5,21.533333333333335,230.25406617599742,245.77226,281.70642,43.863426,113.35784,1.0834379,2.1780837,15.518196397244765,51.45235472244008,False,False,21.5,227.0,0.018078145422207904
99,160.5,2316.5,7.4,22,8,1569.5,16.3125,214.18982900092783,259.5085,65.77228,109.83624,43.863426,2.117332,1.0834379,45.318685403369045,148.41755116889658,False,False,16.3,212.0,0.012165716671821277
100,52.5,2336.5,7.4,23,2,1571.5,4.05,58.90220297525513,130.03026,79.508514,32.649654,109.83624,0.97600925,2.117332,71.1280552034558,20.60631142904174,False,False,3.9,60.0,0.006098872359693688
101,77.5,2357.5,7.4,23,3,1573.5,6.611111111111111,45.51533866269714,112.203476,310.03027,52.924473,32.649654,1.2003323,0.97600925,66.6881372894513,95.48506522519716,False,False,6.7,48.0,0.01380367409612704
102,126.5,2377.5,7.4,23,6,1575.5,12.176470588235293,34.80584721265075,220.1009,292.2035,24.839485,52.924473,0.9530366,1.2003323,174.70494084058043,102.60235600171325,False,False,12.1,44.0,0.05107862659638474
103,110.5,2396.5,7.4,23,5,1577.5,10.294117647058824,58.90220297525513,243.43495,40.10089,42.48529,24.839485,1.06747,0.9530366,175.46725119302857,18.801311861973886,False,True,10.4,56.0,0.016123349862528533
104,72.5,2415.5,7.4,23,3,1579.5,6.055555555555555,66.93432156278992,177.2737,63.434937,21.023796,42.48529,0.97411084,1.06747,110.33937533662413,3.4993850393524326,False,False,6.0,64.0,0.01630178645994407
105,73.5,2436.5,7.4,24,3,1581.5,6.166666666666667,74.96644015032471,148.24052,357.27368,24.698177,21.023796,0.9533173,0.97411084,73.27408414166746,77.69275850969973,False,False,6.2,73.0,0.01092466750180405
106,86.5,2457.5,7.4,24,3,1583.5,7.611111111111111,91.03067732539431,210.96376,328.24054,23.323807,24.698177,0.9578547,0.9533173,119.93308305058224,122.79013777461307,False,False,7.6,94.0,0.016496237081142655
107,74.5,2477.5,7.4,24,3,1585.5,6.277777777777778,91.03067732539431,231.07245,30.963745,33.42155,23.323807,0.9813137,0.9578547,140.04177140507443,60.06693220820681,False,False,6.5,93.0,0.0109406815255871
108,48.5,2498.5,7.4,24,1,1587.5,3.611111111111111,91.03067732539431,146.30992,51.07245,21.633308,33.42155,0.9685971,0.9813137,55.279243939254116,39.95822859492557,False,False,3.5,92.0,0.005385125970031545
109,60.5,2516.5,7.4,24,2,1589.5,4.85,5.354745725023191,151.38954,326.30994,25.059929,21.633308,0.95266306,0.9685971,146.03479590095338,39.04480920158568,False,False,4.8,15.0,0.05358474597209345
110,72.5,2538.5,8.4,25,3,1591.5,6.055555555555555,20.46277874600845,114.94392,331.38953,47.423622,25.059929,1.1081856,0.95266306,94.48113757479234,49.07325237882094,False,False,6.1,23.0,0.014095673633286449
111,115.5,2558.5,7.4,25,5,1593.5,10.882352941176471,5.354745725023191,113.0513,294.9439,51.078373,47.423622,1.1751218,1.1081856,107.69655432380495,70.41083703361693,False,False,10.8,14.0,0.048029190416537894
112,162.5,2578.5,8.4,25,8,1595.5,16.5625,168.81792465456977,104.19109,293.0513,89.73851,51.078373,1.7243127,1.1751218,64.62683120974555,124.23337539425836,False,False,16.6,166.0,0.015655136969832027
113,249.5,2600.5,8.2,25,14,1597.5,28.214285714285715,332.9349378689143,251.84271,284.1911,195.74728,89.73851,3.5363436,1.7243127,81.09222546657054,48.74383679469554,False,False,28.3,331.0,0.010749654827301608
114,63.5,2661.5,7.1,26,2,1603.5,5.15,225.38150336871482,174.55966,71.84271,21.095022,195.74728,0.9698927,3.5363436,50.82184150348044,153.53879096637107,False,False,5.3,236.0,0.05899164795158435
115,65.5,2682.5,7.4,26,2,1605.5,5.35,259.705167663625,226.21887,354.55966,33.24154,21.095022,0.98004013,0.9698927,33.48629559331249,94.85449420160938,False,False,5.2,259.0,0.003917598131249949
116,41.5,2705.5,7.4,26,1,1607.5,2.8333333333333335,187.41610037581185,94.21909,46.218872,244.66304,33.24154,4.515393,0.98004013,93.19700705305794,141.19722830549935,False,False,2.8,187.0,0.002311668754510284
117,285.5,2723.5,7.3,26,16,1609.5,33.5,21.519541408456888,262.71103,274.2191,173.40128,244.66304,3.2471223,4.515393,118.80851235572254,107.30045571509754,False,False,33.7,23.0,0.008224769953017288
118,113.5,2745.5,8.4,27,5,1611.5,10.647058823529411,327.40445993613565,113.12085,82.71103,96.77293,173.40128,1.837661,3.2471223,145.71638967323935,115.30656911659872,False,False,11.0,333.0,0.031086333688135268
119,202.5,2783.5,7.3,27,10,1615.5,21.8,40.34914014085666,133.60281,293.12085,29.0,96.77293,0.9573116,1.837661,93.25367357984646,107.22829053148166,False,False,21.9,354.0,0.25749522300475924
120,223.5,2803.5,8.2,27,12,1617.5,24.6,175.50058740376932,119.57784,313.6028,42.544094,29.0,1.0563744,0.9573116,55.92274469136697,138.1022263169338,False,False,24.7,176.0,0.0027745144235037994
121,260.5,2824.5,8.4,27,14,1619.5,29.785714285714285,74.1775729542806,262.50415,299.57785,153.31015,42.544094,2.783651,1.0563744,171.6734225636556,134.59972261248373,False,False,30.0,74.0,0.0009865164126700342
122,108.5,2844.5,8.4,28,5,1621.5,10.058823529411764,69.0618782677785,160.70995,82.50415,21.189621,153.31015,0.9846345,2.783651,91.64806741093241,13.442272122846504,False,False,10.3,67.0,0.011454879265436091
123,115.5,2864.5,8.4,28,5,1623.5,10.882352941176471,314.6152232198803,98.24632,340.70996,139.44174,21.189621,2.5478961,0.9846345,143.63109941195563,26.094737717619694,False,False,11.0,331.0,0.09102653766733163
124,253.5,2884.5,8.4,28,14,1625.5,28.785714285714285,120.21882513279955,263.8036,278.24634,176.02841,139.44174,3.1727111,2.5478961,143.58476373438793,158.02751275782543,False,False,28.9,121.0,0.004339860373335745
125,78.5,2903.5,7.3,28,3,1627.5,6.722222222222222,104.90776436622733,239.74356,83.80359,41.677334,176.02841,1.0598637,3.1727111,134.83579642478833,21.104175499039826,False,False,6.8,101.0,0.021709802034596257
126,42.5,2924.5,7.4,28,1,1629.5,2.9444444444444446,88.35330446288272,177.13759,59.74356,20.024984,41.677334,0.9853357,1.0598637,88.78428403809386,28.60974367186708,False,False,3.0,93.0,0.025814975206207198
127,43.5,2944.5,7.4,29,1,1631.5,3.0555555555555554,96.38542305041751,132.51045,357.13757,32.55764,20.024984,0.9754047,0.9853357,36.12502922009031,99.24784980823,False,False,3.1,96.0,0.002141239168986115
128,67.5,2966.5,7.4,29,2,1633.5,5.55,163.31974461320746,102.094765,312.51044,85.90693,32.55764,1.7121477,0.9754047,61.224979903734805,149.19069239851126,False,False,5.6,164.0,0.0037791965932918795
129,151.5,2984.5,7.4,29,7,1635.5,15.1875,337.34898067646134,256.86597,282.09476,92.417534,85.90693,1.8207744,1.7121477,80.48301387958634,55.25422359638321,False,False,15.1,342.0,0.02583899624188146
130,61.5,3005.5,7.4,29,2,1637.5,4.95,326.639489226415,201.8014,76.86597,21.540659,92.417534,0.96937454,1.8207744,124.83808236606342,110.22647757046002,False,False,4.9,331.0,0.02422505985325011
131,53.5,3025.5,7.4,29,2,1639.5,4.15,329.31686208892654,96.17018,21.801392,186.07794,21.540659,3.4622958,0.96937454,126.85331918548752,52.48452951263596,False,False,4.1,333.0,0.020461877283741436
132,238.5,3045.5,8.4,30,13,1641.5,26.642857142857142,61.38833623802536,130.81508,276.17017,29.068884,186.07794,0.95758283,3.4622958,69.42674249732619,145.21817022240037,False,False,26.8,59.0,0.013268534655696523
133,260.5,3064.5,7.3,30,14,1643.5,29.785714285714285,51.108910845085106,263.40546,310.81506,174.15224,29.068884,3.2605686,0.95758283,147.70345430211637,100.29384736852262,False,False,29.9,50.0,0.006160615806028444
134,87.5,3084.5,7.4,30,3,1645.5,7.722222222222222,240.9635576260438,153.43495,83.40546,24.596748,174.15224,0.9535391,3.2605686,87.52860584381725,157.55810108307506,False,False,7.7,245.0,0.022424679855312175
135,98.5,3106.5,6.2,30,4,1647.5,8.944444444444445,252.44180320860312,155.77226,333.43494,21.931713,24.596748,0.9545216,0.9535391,96.66954063536093,80.99313331483438,False,False,9.1,249.0,0.019121128936683995
136,107.5,3126.5,7.4,30,4,1649.5,9.944444444444445,230.25406617599742,93.236496,335.77228,336.53677,21.931713,6.1780686,0.9545216,137.01757020431774,105.51821165603383,False,False,10.0,230.0,0.0014114787555412375
137,443.5,3145.5,6.2,31,29,1651.5,59.90909090909091,0.0,90.0,273.2365,379.0,336.53677,7.2638397,6.1780686,90.0,86.76348876953125,False,False,5.2,217.0,0.7944444444444444
138,64.5,3145.5,7.4,31,2,1651.5,5.25,224.89932045097422,220.1009,270.0,24.839485,379.0,0.9530366,7.2638397,4.798414078903903,45.100679549025784,True,False,5.2,217.0,0.04388511361652342
139,48.5,3164.5,7.4,31,1,1653.5,3.611111111111111,259.705167663625,164.05461,40.10089,21.84033,24.839485,0.96693563,0.9530366,95.6505564575703,140.39572344965626,False,False,3.6,259.0,0.003917598131249949
140,54.5,3185.5,7.4,31,2,1655.5,4.25,265.05991338864817,185.7106,344.05463,20.09975,21.84033,0.984394,0.96693563,79.34931158200754,78.99471307619558,False,False,4.3,266.0,0.005222703396399058
141,52.5,3205.5,7.4,31,2,1657.5,4.05,246.31830335106702,107.81889,5.710602,58.821766,20.09975,1.2844312,0.984394,138.49940991844983,119.39229845557361,False,False,4.2,249.0,0.014898314716294356
142,108.5,3223.5,7.4,31,5,1659.5,10.058823529411764,152.61025316316108,219.28941,287.8189,28.42534,58.821766,0.95542705,1.2844312,66.67916028898736,135.20865552824517,False,False,10.2,151.0,0.008945850906450422
143,90.5,3245.5,7.4,32,4,1661.5,8.055555555555555,149.93288030064946,238.17256,39.28943,34.132095,28.42534,0.98654747,0.95542705,88.23968134485835,110.64345158971196,False,False,8.2,148.0,0.01073822389249699
144,61.5,3263.5,6.2,32,2,1663.5,4.95,42.546371327292626,166.6075,58.172546,21.587032,34.132095,0.9565018,0.98654747,124.06112684165271,15.626175059426117,False,True,4.9,146.0,0.574742381515041
145,66.5,3284.5,7.4,32,2,1665.5,5.45,222.22194758846263,185.19443,346.60748,22.090721,21.587032,0.9650622,0.9565018,37.02752009822825,124.38553532169362,False,False,5.5,230.0,0.04321140228631874
146,64.5,3306.5,7.4,32,2,1667.5,5.25,195.44821896334662,212.27563,5.1944275,22.472204,22.090721,0.9624841,0.9650622,16.82741580227838,169.74620852688776,True,False,5.2,193.0,0.013601216463036773
147,52.5,3325.5,7.4,32,2,1669.5,4.05,149.93288030064946,213.02388,32.275635,23.853722,22.472204,0.955701,0.9624841,63.090999704233354,117.65724553502446,False,False,4.0,147.0,0.016293779448052544
148,39.5,3345.5,7.4,33,1,1671.5,2.611111111111111,123.15915167553348,160.70995,33.023865,21.189621,23.853722,0.972516,0.955701,37.55079400317746,90.13528692943973,False,False,2.6,121.0,0.011995287086297109
149,46.5,3365.5,7.4,33,1,1673.5,3.388888888888889,77.64381301283632,177.2737,340.70996,21.023796,21.189621,0.97411084,0.972516,99.62988388657777,96.93385207533629,False,False,3.2,76.0,0.009132294515757325
150,47.5,3386.5,7.4,33,1,1675.5,3.5,149.93288030064946,219.28941,357.27368,28.42534,21.023796,0.95542705,0.97411084,69.35653315149898,152.65919866002446,False,False,3.3,144.0,0.03296044611471921
151,29.5,3408.5,7.4,33,0,1677.5,1.5909090909090908,50.87008438772034,190.30484,39.28943,22.36068,28.42534,0.9632042,0.95542705,139.43475570017029,11.58065567678284,False,True,1.5,58.0,0.03961064229044256
152,25.5,3430.5,7.4,33,0,1680.0,1.2272727272727273,53.547457250231936,116.56504,10.30484,40.24922,22.36068,1.0428987,0.9632042,63.01758333814698,43.242617162341304,False,False,1.3,59.0,0.03029190416537817
153,61.5,3448.5,6.2,34,2,1681.5,4.95,218.40470614676917,194.03624,296.56503,20.615528,40.24922,0.96362275,1.0428987,24.368466522745734,78.1603268122152,True,False,4.8,209.0,0.05224836748205096
154,56.5,3468.5,7.4,34,2,1683.5,4.45,222.22194758846263,193.3925,14.036255,21.587032,20.615528,0.9689827,0.96362275,28.82944575740794,151.81430729434987,False,False,4.5,222.0,0.0012330421581257017
155,51.5,3489.5,7.4,34,1,1685.5,3.9444444444444446,214.18982900092783,180.0,13.392517,23.0,21.587032,0.95943904,0.9689827,34.18982900092783,159.20268808891592,False,False,3.9,214.0,0.0010546055607101657
156,51.5,3512.5,7.4,34,1,1687.5,3.9444444444444446,211.51245613841624,143.61565,0.0,23.600847,23.0,0.9566626,0.95943904,67.89680977611155,148.48754386158373,False,False,3.8,205.0,0.03618031188009022
157,65.5,3531.5,7.4,34,2,1689.5,5.35,224.89932045097422,132.27368,323.61566,29.732138,23.600847,0.96007895,0.9566626,92.62563881034922,98.71634117011956,False,False,5.2,221.0,0.0216628913943012
158,87.5,3551.5,7.4,35,3,1691.5,7.722222222222222,208.83508327590462,248.80595,312.27368,52.554733,29.732138,1.1952354,0.96007895,39.970870703587565,103.4385983647204,False,False,7.7,206.0,0.01575046264391457
159,38.5,3570.5,7.4,35,1,1693.5,2.5,246.31830335106702,111.03751,68.80597,55.713554,52.554733,1.2394857,1.1952354,135.28078961815686,177.51233411278577,False,False,2.6,249.0,0.014898314716294356
160,90.5,3590.5,7.4,35,4,1695.5,8.055555555555555,235.60881190102063,177.2737,291.0375,21.023796,55.713554,0.97411084,1.2394857,58.33511500160657,55.428694202494995,False,False,8.2,238.0,0.013284378327663167
161,91.5,3611.5,7.4,35,4,1697.5,8.166666666666666,227.57669331348583,225.00002,357.27368,31.112698,21.023796,0.966745,0.97411084,2.576678054696771,129.69698832713914,True,False,8.3,230.0,0.013462814925078703
162,69.5,3633.5,7.4,35,2,1700.0,5.75,176.70660892576544,220.1009,45.0,24.839485,31.112698,0.9530366,0.966745,43.394297446304876,131.70660892576544,False,False,5.8,177.0,0.0016299504124142395
163,53.5,3652.5,7.4,36,2,1701.5,4.15,174.02923606325385,238.29858,40.10089,39.962482,24.839485,1.039879,0.9530366,64.26934792112115,133.9283449499726,False,False,4.2,182.0,0.044282021870811955
164,19.5,3673.5,7.4,36,0,1703.5,0.6818181818181818,270.4146591136714,185.7106,58.298584,20.09975,39.962482,0.984394,1.039879,84.70405730703078,147.8839248707036,False,False,0.7,274.0,0.019918560479603307
165,17.5,3693.5,7.4,36,0,1705.5,0.5,299.865760601299,102.60016,5.710602,87.09765,20.09975,1.7319007,0.984394,162.73439809010728,65.84484120534165,False,False,0.5,301.0,0.006301329992783483
166,102.5,3712.5,7.4,36,4,1707.5,9.38888888888889,222.22194758846263,247.61987,282.60016,55.154327,87.09765,1.2315401,1.7319007,25.397925458412374,60.378211102943624,False,False,9.3,213.0,0.0512330421581257
167,51.5,3733.5,7.4,36,1,1709.5,3.9444444444444446,203.48033755088144,158.1986,67.61987,21.540659,55.154327,0.96937454,1.2315401,45.28174441123301,135.86046450400644,False,False,3.9,200.0,0.019335208616008022
168,59.5,3753.5,7.4,37,2,1711.5,4.75,302.54313346381053,194.03624,338.1986,20.615528,21.540659,0.97835416,0.96937454,108.5068938397871,35.655474934626966,False,False,4.7,196.0,0.5919062970211696
169,54.5,3773.5,7.4,37,2,1713.5,4.25,219.544574725951,145.00798,14.036255,24.41311,20.615528,0.9539843,0.97835416,74.53659437927132,154.4916801568615,False,False,4.2,214.0,0.030803192921950048
170,68.5,3793.5,7.4,37,2,1715.5,5.65,147.25550743813787,133.72697,325.008,31.827662,24.41311,0.97082895,0.9539843,13.528532950833181,177.75248816733085,True,False,5.7,147.0,0.0014194857674326045
171,91.5,3815.5,7.4,37,4,1718.0,8.166666666666666,297.1883877387874,225.00002,313.727,22.627417,31.827662,0.9615272,0.97082895,72.18837247999835,16.538602007306338,False,True,8.0,65.0,0.7100645125622922
172,75.5,3831.5,6.2,37,3,1719.5,6.388888888888889,68.07419412366822,177.13759,45.0,20.024984,22.627417,0.9691681,0.9615272,109.06339437730833,23.074194123668235,False,True,6.8,55.0,0.07263441179815686
173,76.5,3851.5,7.4,38,3,1721.5,6.5,141.90076171311466,99.31709,357.13757,129.71121,20.024984,2.4626963,0.9691681,42.58366881760685,144.76318847092716,False,False,6.6,136.0,0.03278200951730367
174,204.5,3872.5,7.4,38,11,1723.5,22.066666666666666,42.837965800185536,246.8014,279.31708,53.310413,129.71121,1.2056769,2.4626963,156.03655893983398,123.5208881634668,False,False,22.0,186.0,0.7953446344434136
175,155.5,3893.5,7.4,38,7,1725.5,15.6875,200.80296468836983,252.64595,66.80139,67.052216,53.310413,1.408717,1.2056769,51.842985629012986,134.00157308680733,False,False,15.6,196.0,0.026683137157610146
176,91.5,3913.5,7.4,38,4,1727.5,8.166666666666666,267.7372862511598,254.16762,72.645935,69.641945,67.052216,1.4490904,1.408717,13.569668453308225,164.90864880743396,False,False,8.2,267.0,0.004096034728665485
177,24.5,3932.5,7.4,38,0,1729.5,1.1363636363636365,123.15915167553348,139.8991,74.1676,24.839485,69.641945,0.9530366,1.4490904,16.739941952396208,48.99154913647098,True,False,1.3,150.0,0.149115824024814
178,40.5,3951.5,7.4,39,1,1731.5,2.7222222222222223,117.80440595051027,104.88627,319.8991,81.7435,24.839485,1.6435325,0.9530366,12.918137334787616,157.90529706379152,False,False,2.6,114.0,0.021135588613945957
179,119.5,3972.5,7.4,39,5,1733.5,11.352941176470589,267.7372862511598,255.80144,284.88626,85.61542,81.7435,1.7073202,1.6435325,11.9358488732301,17.148974735168338,False,False,11.4,274.0,0.0347928541602234
180,36.5,3993.5,7.4,39,1,1735.5,2.2777777777777777,93.70805018790591,118.30076,75.80145,44.294468,85.61542,1.0885497,1.7073202,24.592708173910495,17.90659755118716,False,False,2.4,99.0,0.029399721178300493
181,75.5,4014.5,7.4,39,3,1737.5,6.388888888888889,16.064237175069575,190.00798,298.30075,17.262676,44.294468,1.0341253,1.0885497,173.9437431716101,77.76348644264772,False,False,6.3,28.0,0.06630979347183576
182,72.5,4031.5,6.9,39,3,1739.5,6.055555555555555,43.86279751321698,125.537674,10.007996,8.602325,17.262676,1.5711299,1.0341253,81.67487643697837,33.854801907748225,False,False,6.4,26.0,0.09923776396231652
183,79.5,4036.5,4.6,39,3,1740.0,6.833333333333333,234.1117884581129,212.90524,305.53766,20.248457,8.602325,0.9482575,1.5711299,21.206545538191023,71.42587023329335,True,False,6.4,26.0,0.8438233974549285
184,68.5,4053.5,7.4,40,2,1741.5,5.65,187.41610037581185,149.93143,32.905243,21.954498,20.248457,0.9660633,0.9482575,37.484673373858726,154.51085745588998,False,False,5.7,186.0,0.00786722431006584
185,79.5,4072.5,7.4,40,3,1743.5,6.833333333333333,187.41610037581185,94.25885,329.93143,282.78082,21.954498,5.204133,0.9660633,93.1572502781556,142.51532662614125,False,False,7.0,189.0,0.008799442356600826
186,361.5,4093.5,8.2,40,22,1745.5,45.46153846153846,30.97069189478282,266.0761,274.25885,277.65085,282.78082,4.9691696,5.204133,124.89458105493907,116.71184179712657,False,False,45.7,35.0,0.02238504502898435
187,84.5,4112.5,8.4,40,3,1747.5,7.388888888888889,79.29326764078272,108.43495,86.07611,63.245552,277.65085,1.3183794,4.9691696,29.141684141443847,6.782843199061034,False,False,7.5,76.0,0.018295931337681755
188,144.5,4132.5,7.3,40,7,1749.5,14.3125,40.34914014085666,185.7106,288.43494,20.09975,63.245552,0.98301566,1.3183794,145.36146166578396,111.91420361741916,False,False,14.4,112.0,0.3980603325507963
189,142.5,4152.5,8.4,41,7,1751.5,14.0625,40.92555749201691,97.64501,5.710602,150.33629,20.09975,2.7329667,0.98301566,56.71945440983856,35.21495568537628,False,False,14.2,117.0,0.4226357917110172
190,291.5,4172.5,7.1,41,17,1753.5,34.38461538461539,228.09694316833784,250.45363,277.64502,179.33488,150.33629,3.3770669,2.7329667,22.356685371701218,49.548076362912155,False,False,34.8,231.0,0.016128093509234196
191,122.5,4232.5,7.4,41,5,1759.5,11.705882352941176,187.41610037581185,255.52972,70.45361,96.04687,179.33488,1.8819275,3.3770669,68.1136237452819,116.96248709456185,False,False,11.8,189.0,0.008799442356600826
192,29.5,4256.5,7.4,42,0,1761.5,1.5909090909090908,240.9635576260438,182.60257,75.529724,22.022715,96.04687,0.96555656,1.8819275,58.360988045965684,165.43383350495006,False,False,1.6,230.0,0.06090865347802116
193,28.5,4278.5,7.4,42,0,1764.0,1.5,262.3825405261366,153.43495,2.6025696,20.12461,22.022715,0.9840848,0.96555656,108.94758874391005,100.22002905394152,False,False,1.5,256.0,0.03545855847853671
194,37.5,4296.5,7.4,42,1,1765.5,2.388888888888889,294.5110148762758,216.8699,333.43494,25.0,20.12461,0.95275694,0.9840848,77.64111131182267,38.923921647161706,False,False,2.4,297.0,0.013827695131801142
195,22.5,4316.5,7.4,42,0,1767.5,0.9545454545454546,152.61025316316108,180.0,36.869904,22.0,25.0,0.9657241,0.95275694,27.389746836838924,115.74034959870795,True,False,1.1,153.0,0.0021652602046606895
196,22.5,4338.5,7.4,42,0,1769.5,0.9545454545454546,82.99855873785951,114.86369,0.0,45.188496,22.0,1.0993192,0.9657241,31.865134499445162,82.99855873785951,False,False,1.1,255.0,0.9555635625674471
197,63.5,4357.5,7.4,43,2,1771.5,5.15,283.8015234262294,241.50436,294.8637,39.824615,45.188496,1.0384386,1.0993192,42.297159412557505,11.06218506986437,False,False,5.2,284.0,0.0011026476320589987
198,28.5,4376.5,7.4,43,0,1773.5,1.5,179.38398178827703,133.60281,61.504364,29.0,39.824615,0.95725965,1.0384386,45.7811680675739,117.87961777460515,False,False,1.6,179.0,0.00213323215709459
199,49.5,4396.5,7.4,43,1,1775.5,3.7222222222222223,294.5110148762758,230.82634,313.6028,34.828148,29.0,0.99198055,0.95725965,63.68467515459611,19.09179884442733,False,True,3.7,298.0,0.019383250687356697
200,22.5,4418.5,7.4,43,0,1777.5,0.9545454545454546,270.4146591136714,172.5686,50.826355,23.194826,34.828148,0.95846075,0.99198055,97.8460555980464,140.41169586679734,False,False,1.0,268.0,0.013414772853730028
201,25.5,4441.5,7.4,43,0,1780.0,1.2272727272727273,315.92999777636857,212.90524,352.5686,20.248457,23.194826,0.9825719,0.95846075,103.02475485644669,36.638605739256434,False,False,1.1,148.0,0.9329444320909365
202,14.5,4458.5,7.4,44,0,1781.5,0.22727272727272727,254.3504219386018,174.2894,32.905243,20.09975,20.248457,0.984394,0.9825719,80.06102374524244,138.55482098132006,False,False,0.2,187.0,0.3741690107700101
203,16.5,4478.5,7.4,44,0,1783.5,0.4090909090909091,278.4467777012062,174.55966,354.2894,21.095022,20.09975,0.9734168,0.984394,103.88711583597183,75.84262049215317,False,False,0.4,351.0,0.4030734572155211
204,18.5,4499.5,7.4,44,0,1785.5,0.5909090909090909,163.31974461320746,163.30074,354.55966,41.761227,21.095022,1.0593231,0.9734168,0.019009139574649225,168.76008274797312,False,False,0.7,325.0,0.8982236410377363
205,30.5,4539.5,7.4,44,0,1789.5,1.6818181818181819,326.639489226415,153.43495,343.30072,20.12461,41.761227,0.9840848,1.0593231,173.20453744418842,16.66123098842877,False,False,1.5,36.0,0.38533617096436124
206,39.5,4557.5,7.4,45,1,1791.5,2.611111111111111,257.02779480111343,218.6598,333.43494,25.612497,20.12461,0.9520593,0.9840848,38.36798950326187,76.40714172232407,False,False,2.6,259.0,0.010956695549369833
207,23.5,4577.5,7.4,45,0,1793.5,1.0454545454545454,251.67304907609022,142.30576,38.65979,27.802877,25.612497,0.9538456,0.9520593,109.36729346085585,146.98674096297225,False,False,1.1,255.0,0.01848306068838765
208,40.5,4599.5,7.4,45,1,1795.5,2.7222222222222223,42.837965800185536,194.03624,322.30576,20.615528,27.802877,0.97835416,0.9538456,151.1982738238379,80.53221018495117,False,False,2.7,179.0,0.7564557455545248
209,35.5,4619.5,7.4,45,1,1797.5,2.1666666666666665,184.73872751330023,157.75098,14.036255,23.769728,20.615528,0.9560072,0.97835416,26.987750950800233,170.70247263048773,True,False,2.2,11.0,0.9652151528516678
210,44.5,4641.5,7.4,45,1,1800.0,3.166666666666667,257.02779480111343,166.6075,337.75098,21.587032,23.769728,0.9689827,0.9560072,90.42029663216812,80.72318176138657,False,False,2.9,265.0,0.04429002888270317
211,49.5,4662.5,7.4,46,1,1802.0,3.7222222222222223,262.3825405261366,230.71059,346.60748,28.42534,21.587032,0.95542705,0.9689827,31.671953978285046,84.22494238401964,True,False,3.7,259.0,0.01879189181187005
212,27.5,4680.5,7.4,46,0,1803.5,1.4090909090909092,331.9942349514382,195.94539,50.71057,21.84033,28.42534,0.96693563,0.95542705,136.0488461574929,78.71633633762428,False,False,1.5,332.0,3.202804756546761e-05
213,21.5,4701.5,7.4,46,0,1805.5,0.8636363636363636,331.9942349514382,154.65382,15.945374,21.023796,21.84033,0.97411084,0.96693563,177.34041109889915,43.951138583718034,False,False,0.9,338.0,0.0333653613808988
214,30.5,4720.5,7.4,46,0,1807.5,1.6818181818181819,187.41610037581185,163.30074,334.6538,20.880613,21.023796,0.97554696,0.97411084,24.11536490217904,147.23770821793812,True,False,1.7,177.0,0.05786722431006584
215,36.5,4740.5,7.4,46,1,1809.5,2.2777777777777777,163.31974461320746,229.18492,343.30072,29.068884,20.880613,0.95750225,0.97554696,65.86517665144098,179.98097560163626,False,False,2.4,160.0,0.018443025628930344
216,14.5,4759.5,7.4,47,0,1811.5,0.22727272727272727,273.092031976183,141.34018,49.184937,25.612497,29.068884,0.9520593,0.95750225,131.75185253282365,136.09290454725448,False,False,0.3,281.0,0.043933155687872094
217,30.5,4779.5,7.4,47,0,1813.5,1.6818181818181819,240.9635576260438,180.0,321.34018,20.0,25.612497,0.9856542,0.9520593,60.96355762604381,80.3766218173156,False,False,1.8,243.0,0.011313568744201063
218,30.5,4799.5,7.4,47,0,1815.5,1.6818181818181819,235.60881190102063,188.1301,0.0,21.213203,20.0,0.97229505,0.9856542,47.478715465473755,124.39118809897934,False,False,1.7,238.0,0.013284378327663167
219,27.5,4820.5,7.4,47,0,1817.5,1.4090909090909092,136.54601598809145,166.6075,8.130096,21.587032,21.213203,0.9689827,0.97229505,30.061482180853858,128.41591955254458,False,False,1.5,138.0,0.008077688955047475
220,32.5,4841.5,7.4,47,0,1819.5,1.8636363636363635,149.93288030064946,214.38034,346.60748,23.021729,21.587032,0.95932615,0.9689827,64.44746027552242,163.3253973904932,False,False,2.1,152.0,0.011483998329725232
221,19.5,4860.5,7.4,48,0,1821.5,0.6818181818181818,163.31974461320746,188.1301,34.38034,21.213203,23.021729,0.97229505,0.95932615,24.810351822339413,128.9394040370356,True,False,0.8,188.0,0.1371125299266252
222,16.5,4881.5,7.4,48,0,1823.5,0.4090909090909091,123.15915167553348,138.36646,8.130096,24.083189,21.213203,0.95492977,0.97229505,15.20730340259152,115.0290552399866,True,False,0.6,195.0,0.399115824024814
223,32.5,4899.5,7.4,48,0,1825.5,1.8636363636363635,337.34898067646134,177.13759,318.36646,20.024984,24.083189,0.9853357,0.95492977,160.21139217548478,18.982525598336338,False,True,1.9,338.0,0.0036167740196592353
224,33.5,4919.5,7.4,48,0,1827.5,1.9545454545454546,222.22194758846263,180.0,357.13757,21.0,20.024984,0.97434574,0.9853357,42.221947588462626,134.91562565372487,False,False,2.1,1.0,0.7709891800640966
225,33.5,4940.5,7.4,48,0,1829.5,1.9545454545454546,281.12415056371776,216.38435,0.0,23.600847,21.0,0.9566626,0.97434574,64.73979692602245,78.87584943628224,False,False,2.0,282.0,0.004865830201567986
226,19.5,4959.5,7.4,49,0,1831.5,0.6818181818181818,182.06135465078864,177.39743,36.38434,22.022715,23.600847,0.96555656,0.9566626,4.663924230866769,145.6770162718824,True,False,0.7,188.0,0.03299247416228531
227,20.5,4981.5,7.4,49,0,1833.5,0.7727272727272727,99.06279591292912,150.9454,357.39743,20.59126,22.022715,0.97862095,0.96555656,51.88260813980526,101.66536549300724,False,False,0.8,103.0,0.021873356039282674
228,30.5,4999.5,6.2,49,0,1835.5,1.6818181818181819,121.96626447157233,197.65013,330.9454,23.086792,20.59126,0.949749,0.97862095,75.6838667540136,151.02086041883797,False,False,1.5,114.0,0.04425702484206858
229,23.5,5021.5,7.4,49,0,1837.5,1.0454545454545454,48.192711525208736,180.0,17.650146,20.0,23.086792,0.9856542,0.949749,131.80728847479128,30.542565040833722,False,True,1.0,52.0,0.021151602637729323
230,23.5,5041.5,7.4,49,0,1839.5,1.0454545454545454,273.092031976183,181.33223,0.0,43.011627,20.0,1.073499,0.9856542,91.75980236192521,86.90796802381698,False,False,1.1,278.0,0.027266489021205428
231,22.5,5084.5,7.4,50,0,1843.5,0.9545454545454546,326.639489226415,196.69925,1.3322144,20.880613,43.011627,0.97554696,1.073499,129.94023995883686,34.69272512905377,False,False,1.0,144.0,0.9853361709643612
232,16.5,5104.5,7.4,50,0,1845.5,0.4090909090909091,136.54601598809145,159.77515,16.69925,20.248457,20.880613,0.9825719,0.97554696,23.229130496283545,119.84676672051333,False,False,0.4,138.0,0.008077688955047475
233,23.5,5123.5,7.4,50,0,1847.5,1.0454545454545454,99.06279591292912,174.2894,339.77515,20.09975,20.248457,0.984394,0.9825719,75.22660228043026,119.28764942855412,False,False,1.0,97.0,0.011459977294050658
234,25.5,5143.5,7.4,50,0,1849.5,1.2272727272727273,74.96644015032471,90.81651,354.2894,421.04276,20.09975,7.7127457,0.984394,15.850072911198708,80.67704195696535,False,False,1.4,71.0,0.022035778612915162
235,446.5,5149.5,6.2,50,30,1850.0,60.18518518518518,348.88024488379904,268.12213,270.81653,427.22946,421.04276,8.180748,7.7127457,80.75811353614279,78.06371656348654,False,False,1.4,71.0,0.45622086175667204
236,19.5,5163.5,7.4,51,0,1851.5,0.6818181818181818,187.41610037581185,160.01689,88.12213,23.409399,427.22946,0.9574706,8.180748,27.399208896319664,99.2939690281556,True,False,0.7,16.0,0.9523116687545105
237,27.5,5185.5,7.4,51,0,1853.5,1.4090909090909092,257.02779480111343,188.53078,340.0169,20.22375,23.409399,0.98287004,0.9574706,68.49701782357437,82.98911193716782,False,False,1.3,252.0,0.027932193339519056
238,24.5,5205.5,7.4,51,0,1855.5,1.1363636363636365,262.3825405261366,189.46231,8.530762,24.33105,20.22375,0.9542019,0.98287004,72.92022973512098,106.14822119261339,False,False,1.2,260.0,0.013236336256314492
239,20.5,5229.5,7.4,51,0,1857.5,0.7727272727272727,107.0949145004639,180.0,9.462311,38.0,24.33105,1.0201099,0.9542019,72.90508549953609,97.63260370944828,False,False,0.8,114.0,0.0383615861085338
240,20.5,5267.5,7.4,52,0,1861.5,0.7727272727272727,2.6773728625115956,182.86241,0.0,20.024984,38.0,0.9853357,1.0201099,179.81496136348812,2.6773728625115893,False,False,0.8,181.0,0.9906812618749357
241,19.5,5287.5,7.4,52,0,1863.5,0.6818181818181818,307.89787918883377,182.60257,2.8624268,22.022715,20.024984,0.96555656,0.9853357,125.29530960875564,54.96454756897873,False,False,0.7,311.0,0.017234004506479057
242,18.5,5309.5,7.4,52,0,1865.5,0.5909090909090909,163.31974461320746,173.99098,2.6025696,38.209946,22.022715,1.0221461,0.96555656,10.6712374424566,160.71717503312934,False,False,0.6,294.0,0.726001418815514
243,22.5,5347.5,7.4,52,0,1869.5,0.9545454545454546,342.7037264014845,144.46233,353.99097,25.806976,38.209946,0.9519557,1.0221461,161.75859964832017,11.287240395390484,False,False,1.1,344.0,0.007201519991752687
244,37.5,5368.5,7.4,53,1,1871.5,2.388888888888889,246.31830335106702,201.8014,324.46234,21.540659,25.806976,0.96937454,0.9519557,44.51689649071545,78.14403795752673,False,False,2.4,249.0,0.014898314716294356
245,29.5,5388.5,7.4,53,0,1873.5,1.5909090909090908,230.25406617599742,201.8014,21.801392,21.540659,21.540659,0.96937454,0.96937454,28.45265931564586,151.54732542556508,False,False,1.5,225.0,0.029189256533319014
246,21.5,5408.5,7.4,53,0,1875.5,0.8636363636363636,313.25262491385695,171.8699,21.801392,21.213203,21.540659,0.97229505,0.96937454,141.38272134940382,68.54876668770555,False,False,0.9,313.0,0.0014034717436497127
247,24.5,5429.5,7.4,53,0,1877.5,1.1363636363636365,171.35186320074226,195.25511,351.8699,22.803509,21.213203,0.9605042,0.97229505,23.90324849359368,179.48195963628916,True,False,1.3,300.0,0.7147118711069874
248,18.5,5451.5,7.4,53,0,1879.5,0.5909090909090909,222.22194758846263,186.34018,15.255127,18.110771,22.803509,1.0159266,0.9605042,35.88176814510325,153.03317936466237,False,False,1.0,225.0,0.015433624508540965
249,16.5,5469.5,8.4,54,0,1881.5,0.4090909090909091,281.3632077576165,174.55966,6.3401794,21.095022,18.110771,0.9857116,1.0159266,106.80354589238215,84.97697168574285,False,False,0.6,188.0,0.518684487542314
250,18.5,5490.5,7.4,54,0,1883.5,0.5909090909090909,42.837965800185536,180.0,354.55966,20.0,21.095022,0.9856542,0.9857116,137.16203419981446,48.27830393495117,False,False,0.9,191.0,0.8231224122211914
251,18.5,5510.5,7.4,54,0,1885.5,0.5909090909090909,235.60881190102063,143.1301,0.0,25.0,20.0,0.95275694,0.9856542,92.47871546547375,124.39118809897934,False,False,0.6,234.0,0.008937843894559054
252,33.5,5530.5,7.4,54,0,1887.5,1.9545454545454546,152.61025316316108,143.1301,323.1301,25.0,25.0,0.95275694,0.95275694,9.480156727614201,170.5198432723858,True,False,2.0,151.0,0.008945850906450422
253,48.5,5550.5,7.4,54,1,1889.5,3.611111111111111,152.61025316316108,220.1009,323.1301,24.839485,25.0,0.9530366,0.95275694,67.49065320890924,170.5198432723858,False,False,3.5,151.0,0.008945850906450422
254,32.5,5569.5,7.4,55,0,1891.5,1.8636363636363635,139.22338885060307,185.7106,40.10089,20.09975,24.839485,0.984394,0.9530366,46.48721295603755,99.12249773732182,False,False,2.0,138.0,0.006796604725572624
255,30.5,5589.5,7.4,55,0,1893.5,1.6818181818181819,152.61025316316108,194.03624,5.710602,20.615528,20.09975,0.97835416,0.984394,41.42598646086236,146.89965135652045,False,False,1.7,150.0,0.014501406462005977
256,25.5,5609.5,7.4,55,0,1895.5,1.2272727272727273,147.25550743813787,190.7843,14.036255,21.377558,20.615528,0.9707951,0.97835416,43.52879431967463,133.21925255532537,False,False,1.4,148.0,0.0041360697881229515
257,21.5,5630.5,7.4,55,0,1897.5,0.8636363636363636,136.54601598809145,141.009,10.784302,27.018513,21.377558,0.9524944,0.9707951,4.46298669745542,125.76171423027895,True,False,0.9,139.0,0.01363324451060303
258,38.5,5651.5,7.4,55,1,1899.5,2.5,321.2847435013918,214.38034,321.009,23.021729,27.018513,0.95932615,0.9524944,106.90440292521993,0.2757408158449266,False,True,2.5,230.0,0.5071374638966211
259,25.5,5670.5,7.4,56,0,1901.5,1.2272727272727273,243.6409304885554,207.75854,34.38034,21.470911,23.021729,0.9699738,0.95932615,35.8823855666804,150.73941008761648,False,False,1.4,245.0,0.007550386174692234
260,15.5,5689.5,7.4,56,0,1903.5,0.3181818181818182,259.705167663625,159.14554,27.758545,22.472204,21.470911,0.9624841,0.9699738,100.55962933354687,128.05337725825,False,False,0.3,258.0,0.009473153686805505
261,23.5,5710.5,7.4,56,0,1905.5,1.0454545454545454,200.80296468836983,161.56505,339.14554,22.135944,22.472204,0.9647395,0.9624841,39.23791647059639,138.34257364170833,False,False,1.1,198.0,0.015572026046499035
262,30.5,5731.5,7.4,56,0,1907.5,1.6818181818181819,262.3825405261366,218.29016,341.56506,24.207438,22.135944,0.95455146,0.9647395,44.09237939332411,79.18252295042589,False,False,1.7,207.0,0.30768078070075894
263,15.5,5750.5,7.4,56,0,1909.5,0.3181818181818182,240.9635576260438,180.0,38.29016,21.0,24.207438,0.97434574,0.95455146,60.96355762604381,157.32660350676872,False,False,0.3,22.0,0.7835357909664235
264,15.5,5771.5,7.4,57,0,1911.5,0.3181818181818182,163.31974461320746,169.56253,0.0,38.63936,21.0,1.0263716,0.97434574,6.242785904370663,163.31974461320746,False,False,0.3,315.0,0.8426680854821808
265,22.5,5809.5,7.4,57,0,1915.5,0.9545454545454546,342.7037264014845,188.1301,349.56253,21.213203,38.63936,0.97229505,1.0263716,154.57362996593764,6.858804116093609,False,False,1.1,184.0,0.8816873688971362
266,19.5,5830.5,7.4,57,0,1917.5,0.6818181818181818,187.41610037581185,192.26479,8.130096,23.537205,21.213203,0.9569235,0.97229505,4.848685390789711,179.28600394026498,True,False,0.6,185.0,0.013422779865621395
267,14.5,5853.5,7.4,57,0,1920.0,0.22727272727272727,208.83508327590462,150.9454,12.2647705,20.59126,23.537205,0.97862095,0.9569235,57.88967922317025,163.4296872319079,False,False,0.3,207.0,0.010194907088359016
268,24.5,5871.5,8.4,58,0,1921.5,1.1363636363636365,207.1856348033357,162.47443,330.9454,19.924858,20.59126,1.0011884,0.97862095,44.71120853380444,123.75976924939869,False,False,1.2,208.0,0.004524251092579511
269,30.5,5890.5,7.4,58,0,1923.5,1.6818181818181819,246.31830335106702,180.0,342.47443,23.0,19.924858,0.95943904,1.0011884,66.31830335106702,96.15612291846423,False,False,1.6,252.0,0.03156498138296102
270,30.5,5913.5,7.4,58,0,1925.5,1.6818181818181819,232.93143903850904,144.46233,0.0,25.806976,23.0,0.9519557,0.95943904,88.46911298870435,127.06856096149096,False,False,1.6,229.0,0.021841327991716893
271,45.5,5934.5,7.4,58,1,1927.5,3.2777777777777777,227.57669331348583,194.03624,324.46234,20.615528,25.806976,0.97835416,0.9519557,33.540453689462396,96.88564799510789,False,False,3.2,182.0,0.25320385174158794
272,40.5,5954.5,7.4,58,1,1929.5,2.7222222222222223,179.38398178827703,207.75854,14.036255,21.470911,20.615528,0.9699738,0.97835416,28.374563133597974,165.34772690546453,False,False,2.3,164.0,0.08546656549042793
273,30.5,5973.5,7.4,59,0,1931.5,1.6818181818181819,353.41321785153093,218.6598,27.758545,25.612497,21.470911,0.9520593,0.9699738,134.75341255367937,34.34532707034407,False,False,1.8,163.0,0.9421487897137171
274,14.5,5993.5,7.4,59,0,1933.5,0.22727272727272727,112.4496602254871,164.05461,38.65979,21.84033,25.612497,0.96693563,0.9520593,51.604950980567594,73.7898701864246,False,False,0.3,114.0,0.008612998747293925
275,20.5,6014.5,7.4,59,0,1935.5,0.7727272727272727,211.51245613841624,187.4314,344.05463,23.194826,21.84033,0.95846075,0.96693563,24.08105965404124,132.54217032642748,True,False,0.8,356.0,0.8027085770087987
276,17.5,6037.5,6.2,59,0,1938.0,0.5,167.34906055401788,181.54817,7.4313965,37.01351,23.194826,1.0239488,0.95846075,14.19911144305243,159.91766406964288,False,False,0.5,316.0,0.8258385524776785
277,16.5,6074.5,7.4,60,0,1941.5,0.4090909090909091,21.418982900092765,174.2894,1.5481567,20.09975,37.01351,0.984394,1.0239488,152.8704152932666,19.87082616181152,False,False,0.8,152.0,0.7254500949994847
278,18.5,6094.5,7.4,60,0,1943.5,0.5909090909090909,24.09635576260436,174.55966,354.2894,21.095022,20.09975,0.9734168,0.984394,150.46330610262999,29.806957569245014,False,False,0.6,169.0,0.8050202457633091
279,20.5,6115.5,7.4,60,0,1945.5,0.7727272727272727,182.06135465078864,125.537674,354.55966,34.4093,21.095022,0.9886761,0.9734168,56.52368070059333,172.49830721444573,False,False,0.8,182.0,0.0003408591710480222
280,48.5,6135.5,7.3,60,1,1947.5,3.611111111111111,209.81552873245465,223.78111,305.53766,33.24154,34.4093,0.9806163,0.9886761,13.965583938443785,95.7221299589516,True,False,3.4,207.0,0.015641826291414734
281,25.5,6159.5,7.4,60,0,1949.5,1.2272727272727273,48.192711525208736,92.60256,43.781128,418.4316,33.24154,7.665281,0.9806163,44.40985042547487,4.411583595521222,False,True,1.3,157.0,0.6044849359710626
282,443.5,6178.5,6.3,61,29,1951.5,59.90909090909091,313.29219045302517,269.8606,272.60257,411.00122,418.4316,7.842446,7.665281,43.43159474990017,40.689620872947046,False,False,1.9,138.0,0.9738455025168065
283,32.5,6179.5,7.4,61,0,1951.5,1.8636363636363635,10.709491450046382,154.65382,89.860596,21.023796,411.00122,0.97411084,7.842446,143.9443324024927,79.15110425307864,False,False,1.9,138.0,0.7071694919441868
284,41.5,6198.5,7.4,61,1,1953.5,2.8333333333333335,136.54601598809145,191.30992,334.6538,20.396078,21.023796,0.98082846,0.97411084,54.76390527655698,161.89220739434143,False,False,2.7,134.0,0.014144533267174748
285,37.5,6218.5,7.4,61,1,1955.5,2.388888888888889,123.15915167553348,213.69006,11.309937,25.23886,20.396078,0.9524163,0.98082846,90.53091180102899,111.84921515209598,False,False,2.4,122.0,0.006439731530741552
286,23.5,6239.5,7.4,61,0,1957.5,1.0454545454545454,133.86864312557987,145.71312,33.690063,26.627054,25.23886,0.95210564,0.9524163,11.844476381256072,100.17857964901737,True,False,1.1,133.0,0.0048257951421103625
287,38.5,6261.5,7.4,61,1,1960.0,2.5,131.19127026306828,199.29005,325.71313,21.189621,26.627054,0.972516,0.95210564,68.09878405822079,165.4781354974433,False,False,2.4,137.0,0.0322707207607318
288,31.5,6281.5,7.4,62,0,1962.0,1.7727272727272727,133.86864312557987,216.38435,19.29004,23.600847,21.189621,0.9566626,0.972516,82.51571051211545,114.57860406307987,False,False,1.8,136.0,0.011840871524556304
289,17.5,6300.5,7.4,62,0,1963.5,0.5,358.76796357655417,159.77515,36.38434,20.248457,23.600847,0.9825719,0.9566626,161.00718290782083,37.616374802352084,False,False,0.5,2.0,0.01795575790803241
290,24.5,6319.5,7.4,62,0,1965.5,1.1363636363636365,42.837965800185536,210.06859,339.77515,21.954498,20.248457,0.9660633,0.9825719,167.2306224566504,63.06281931581054,False,False,1.3,344.0,0.3268775877788086
291,13.5,6338.5,7.4,62,0,1967.5,0.13636363636363635,243.6409304885554,142.12502,30.068604,22.803509,21.954498,0.9605042,0.9660633,101.51591522976634,146.4276730270696,False,False,0.2,250.0,0.03532816395247001
292,27.5,6356.5,6.2,62,0,1969.0,1.4090909090909092,204.2225823710049,171.46922,322.125,20.22375,22.803509,0.967192,0.9605042,32.75335934854397,117.90241762899507,False,False,0.2,250.0,0.25431898682775056
293,30.5,6376.5,7.4,63,0,1971.5,1.6818181818181819,18.74161003758117,193.3925,351.46924,21.587032,20.22375,0.9689827,0.967192,174.65089179347353,27.272371756331154,False,True,1.7,197.0,0.9903243886801045
294,25.5,6397.5,7.4,63,0,1973.5,1.2272727272727273,37.48322007516235,171.02737,13.392517,19.235384,21.587032,0.99637413,0.9689827,133.54415419241576,24.090702985318615,False,True,1.4,358.0,0.21935122263979093
295,28.5,6416.5,8.4,63,0,1975.5,1.5,242.99549760885057,174.2894,351.02737,20.09975,19.235384,0.9986083,0.99637413,68.7060994154912,108.03187665872758,False,False,1.6,250.0,0.038913902173052385
296,30.5,6436.5,7.4,63,0,1977.5,1.6818181818181819,262.3825405261366,197.65013,354.2894,23.086792,20.09975,0.9589938,0.9986083,64.73240930055067,91.90685766722277,False,False,1.6,267.0,0.025652552632574398
297,23.5,6458.5,7.4,63,0,1979.5,1.0454545454545454,299.865760601299,141.34018,17.650146,25.612497,23.086792,0.9520593,0.9589938,158.5255811579396,77.78438588307603,False,False,1.3,297.0,0.01592089222943874
298,39.5,6478.5,7.4,64,1,1981.5,2.611111111111111,337.34898067646134,145.61966,321.34018,23.021729,25.612497,0.95932615,0.9520593,168.2706787473668,16.008801233101963,False,True,2.6,326.0,0.06304989264700743
299,52.5,6497.5,7.4,64,2,1983.5,4.05,326.639489226415,237.84769,325.61966,41.340054,23.021729,1.0546659,0.95932615,88.79180245883686,1.0198298025868553,False,True,4.1,332.0,0.029780615408805666
300,17.5,6519.5,7.4,64,0,1985.5,0.5,358.76796357655417,133.60281,57.847687,29.0,41.340054,0.95725965,1.0546659,134.83485014414896,59.07972319102396,False,False,0.5,357.0,0.009822019869745367
301,38.5,6539.5,7.4,64,1,1987.5,2.5,16.064237175069575,207.75854,313.6028,21.470911,29.0,0.9699738,0.95725965,168.3056922531946,62.46142345436647,False,False,2.5,18.0,0.010754237916280197
302,28.5,6558.5,7.4,64,0,1989.5,1.5,136.54601598809145,195.25511,27.758545,22.803509,21.470911,0.9605042,0.9699738,58.70909570624448,108.78747106621645,False,False,1.5,24.0,0.6252556443782857
303,22.5,6580.5,7.4,65,0,1991.5,0.9545454545454546,187.41610037581185,159.77515,15.255127,20.248457,22.803509,0.9825719,0.9605042,27.64095389143685,172.16097342268685,False,False,1.0,236.0,0.2699105534677119
304,29.5,6599.5,6.2,65,0,1993.5,1.5909090909090908,258.11465271890876,185.44034,339.77515,21.095022,20.248457,0.95981276,0.9825719,72.67431458414313,81.66049376546624,False,False,1.2,255.0,0.017303626216159766
305,27.5,6620.5,7.4,65,0,1995.5,1.4090909090909092,331.9942349514382,161.56505,5.440338,22.135944,21.095022,0.9647395,0.95981276,170.42918673366478,33.44610318332741,False,False,1.4,218.0,0.6333013052857679
306,34.5,6641.5,7.4,65,1,1997.5,2.0555555555555554,227.57669331348583,209.74487,341.56506,24.186773,22.135944,0.9546125,0.9647395,17.831820266610833,113.98837016307664,True,False,2.2,226.0,0.008759407297143518
307,22.5,6662.5,7.4,65,0,2000.0,0.9545454545454546,286.478896288741,126.869896,29.744873,30.0,24.186773,0.96123904,0.9546125,159.6090003536824,103.265976758134,False,False,1.0,282.0,0.02488275715967221
308,46.5,6680.5,7.4,66,1,2001.5,3.388888888888889,331.9942349514382,233.13008,306.8699,35.0,30.0,0.99336654,0.96123904,98.8641537746804,25.12433138698509,False,True,3.2,340.0,0.044476472492009915
309,18.5,6701.5,7.4,66,0,2003.5,0.5909090909090909,265.05991338864817,144.46233,53.130066,25.806976,35.0,0.9519557,0.99336654,120.59758733884348,148.07015252932058,False,False,0.8,265.0,0.0003328521591564974
310,33.5,6722.5,7.4,66,0,2005.5,1.9545454545454546,203.48033755088144,159.77515,324.46234,20.248457,25.806976,0.9825719,0.9519557,43.705191066506444,120.98200375771228,False,False,2.0,200.0,0.019335208616008022
311,40.5,6741.5,7.4,66,1,2007.5,2.7222222222222223,230.25406617599742,156.8014,339.77515,22.847319,20.248457,0.9602597,0.9825719,73.45265931564586,109.52108030837758,False,False,2.7,230.0,0.0014114787555412375
312,49.5,6762.5,7.4,66,1,2009.5,3.7222222222222223,238.2861847635322,209.42746,336.8014,44.777225,22.847319,1.0943376,0.9602597,28.858725046735316,98.51520683803028,False,False,3.6,238.0,0.0015899153529566157
313,27.5,6801.5,7.4,67,0,2013.5,1.4090909090909092,350.73584498901937,201.8014,29.42746,21.540659,44.777225,0.96937454,1.0943376,148.9344381286678,38.691614727777505,False,False,1.3,359.0,0.04591197228322572
314,19.5,6821.5,7.4,67,0,2015.5,0.6818181818181818,313.25262491385695,135.0,21.801392,29.698484,21.540659,0.959938,0.96937454,178.25262491385695,68.54876668770555,False,False,0.7,332.0,0.10415208381190584
315,40.5,6842.5,7.4,67,1,2017.5,2.7222222222222223,235.60881190102063,153.43495,315.0,22.36068,29.698484,0.9632042,0.959938,82.17386011879407,79.39118809897934,False,False,2.8,240.0,0.02439548943877428
316,50.5,6862.5,7.4,67,1,2019.5,3.833333333333333,211.51245613841624,233.47116,333.43494,33.600594,22.36068,0.98260164,0.9632042,21.958704750255635,121.92248038502123,False,False,3.7,210.0,0.008402534102312446
317,23.5,6882.5,7.4,68,0,2021.5,1.0454545454545454,77.64381301283632,194.03624,53.47116,20.615528,33.600594,0.97835416,0.98260164,116.39242661118715,24.172652124164443,False,False,1.1,187.0,0.6075343721509093
318,18.5,6902.5,7.4,68,0,2023.5,0.5909090909090909,182.06135465078864,101.976135,14.036255,101.20277,20.615528,1.9694285,0.97835416,80.0852193968824,168.02509976797614,False,False,0.6,177.0,0.0281186369488258
319,117.5,6923.5,7.4,68,5,2025.5,11.117647058823529,182.06135465078864,255.65067,281.97614,88.76936,101.20277,1.7597222,1.9694285,73.58931063241448,99.9147806031176,False,False,11.1,178.0,0.022563081393270245
320,31.5,6945.5,7.4,68,0,2027.5,1.7727272727272727,224.89932045097422,190.7843,75.650665,21.377558,88.76936,0.9707951,1.7597222,34.115018693161716,149.2486551677711,False,False,1.8,227.0,0.011670441939032135
321,27.5,6966.5,7.4,68,0,2029.5,1.4090909090909092,214.18982900092783,116.56504,10.784302,42.48529,21.377558,1.06747,0.9707951,97.62478841254892,156.59447275688467,False,False,1.6,218.0,0.021167616661512057
322,65.5,6985.5,7.4,69,2,2031.5,5.35,224.89932045097422,200.85445,296.56503,22.472204,42.48529,0.9624841,1.06747,24.044874039841403,71.66571250801016,True,False,5.4,229.0,0.022781553050143247
323,57.5,7006.5,7.4,69,2,2033.5,4.55,227.57669331348583,235.88551,20.854431,37.44329,22.472204,1.014808,0.9624841,8.308819992178229,153.2777378388579,False,False,4.5,225.0,0.014314962852699075
324,26.5,7027.5,7.4,69,0,2035.5,1.3181818181818181,200.80296468836983,103.42183,55.885498,90.47099,37.44329,1.7881436,1.014808,97.38113546473701,144.91746664149483,False,False,1.4,198.0,0.015572026046499035
325,114.5,7048.5,7.4,69,5,2037.5,10.764705882352942,42.837965800185536,251.27422,283.4218,62.297672,90.47099,1.336085,1.7881436,151.56375010194336,119.4161518353418,False,False,11.0,338.0,0.3602109211121419
326,55.5,7068.5,7.4,69,2,2039.5,4.35,294.5110148762758,180.0,71.27423,21.0,62.297672,0.97434574,1.336085,114.5110148762758,136.76321608075546,False,False,4.3,293.0,0.008394527090421081
327,55.5,7089.5,7.4,70,2,2041.5,4.35,227.57669331348583,221.82018,0.0,25.495098,21.0,0.95214885,0.97434574,5.756518142587396,132.42330668651414,True,False,4.5,227.0,0.0032038517415879635
328,38.5,7108.5,7.4,70,1,2043.5,2.5,243.6409304885554,139.8991,41.82019,24.839485,25.495098,0.9530366,0.95214885,103.74183686062571,158.1792599411321,False,False,2.5,242.0,0.009116280491974433
329,54.5,7127.5,7.4,70,2,2045.5,4.25,230.25406617599742,195.94539,319.8991,21.84033,24.839485,0.96693563,0.9530366,34.30867738205211,89.64504271072133,False,False,4.3,235.0,0.026366299022236542
330,48.5,7148.5,7.4,70,1,2047.5,3.611111111111111,232.93143903850904,91.56741,15.945374,402.15048,21.84033,7.369382,0.96693563,141.36402570843092,143.0139344966472,False,False,3.5,234.0,0.0059364497860608855
331,450.5,7159.5,6.3,70,30,2048.5,60.48148148148148,214.50636463450357,268.49973,271.5674,420.144,402.15048,8.015638,7.369382,53.993360707293306,57.061048695574556,False,False,3.5,234.0,0.10829797425275794
332,30.5,7170.5,7.4,70,0,2049.5,1.6818181818181819,26.773728625115957,207.75854,88.499725,21.470911,420.144,0.9699738,8.015638,179.01518370324095,61.725996716680925,False,False,1.7,210.0,0.982076270139533
333,20.5,7189.5,7.4,71,0,2051.5,0.7727272727272727,168.67449033823067,136.63658,27.758545,24.758837,21.470911,0.95319283,0.9699738,32.03790891733223,140.91594541635567,True,False,0.8,165.0,0.020413835212392605
334,37.5,7207.5,7.4,71,1,2053.5,2.388888888888889,294.5110148762758,182.86241,316.6366,20.024984,24.758837,0.9853357,0.95319283,111.64860337725236,22.125581803411706,False,True,2.4,163.0,0.7306167493126433
335,36.5,7227.5,7.4,71,1,2055.5,2.2777777777777777,254.3504219386018,169.2157,2.8624268,21.377558,20.024984,0.9707951,0.9853357,85.13472369641431,108.51200481921069,False,False,2.4,259.0,0.025830989229989932
336,40.5,7248.5,7.4,71,1,2057.5,2.7222222222222223,267.7372862511598,205.46333,349.2157,23.259407,21.377558,0.95815325,0.9707951,62.273953121276975,81.47841199102771,False,False,2.7,273.0,0.02923729860466785
337,30.5,7269.5,7.4,71,0,2059.5,1.6818181818181819,42.837965800185536,155.77226,25.463318,21.931713,23.259407,0.96623486,0.95815325,112.93429677305664,17.374647929091793,False,True,2.0,173.0,0.7231224122211914
338,39.5,7289.5,7.4,72,1,2061.5,2.611111111111111,182.06135465078864,94.82366,335.77228,237.84239,21.931713,4.392383,0.96623486,87.23769284658943,153.7109231812426,False,False,2.6,179.0,0.01700752583771469
339,276.5,7309.5,7.4,72,16,2063.5,32.214285714285715,174.02923606325385,213.02388,274.82367,23.853722,237.84239,0.955701,4.392383,38.994643941628965,100.7944333703399,False,False,32.3,173.0,0.005717978129188042
340,263.5,7329.5,7.4,72,15,2065.5,30.23076923076923,42.837965800185536,265.5835,33.023865,246.73265,23.853722,4.5527334,0.955701,137.25446970643554,9.814101054091793,False,True,30.2,175.0,0.7342335233323025
341,17.5,7348.5,7.4,72,0,2067.5,0.5,155.28762602567267,182.60257,85.583496,22.022715,246.73265,0.96555656,4.5527334,27.31494355440546,69.70412993192267,True,False,0.5,158.0,0.015068744301818527
342,16.5,7370.5,7.4,72,0,2069.5,0.4090909090909091,88.35330446288272,135.0,2.6025696,28.284271,22.022715,0.9550309,0.96555656,46.646695537117296,85.7507348828046,False,False,0.7,93.0,0.025814975206207198
343,36.5,7390.5,7.4,73,1,2071.5,2.2777777777777777,257.02779480111343,174.2894,315.0,20.09975,28.284271,0.984394,0.9550309,82.73839660775405,57.97220519888657,False,False,2.2,254.0,0.016821082228407943
344,38.5,7410.5,7.4,73,1,2073.5,2.5,257.02779480111343,216.38435,354.2894,23.600847,20.09975,0.9566626,0.984394,40.64344116341812,97.26160339224595,False,False,2.5,253.0,0.0223766377839635
345,24.5,7429.5,7.4,73,0,2075.5,1.1363636363636365,267.7372862511598,180.0,36.38434,20.0,23.600847,0.9856542,0.9566626,87.73728625115979,128.64705212774646,False,False,1.3,270.0,0.012570631938001182
346,24.5,7449.5,7.4,73,0,2077.5,1.1363636363636365,265.05991338864817,171.8699,0.0,21.213203,20.0,0.97229505,0.9856542,93.19000982419504,94.94008661135183,False,False,1.3,270.0,0.02744492561862128
347,27.5,7470.5,7.4,73,0,2079.5,1.4090909090909092,257.02779480111343,199.29005,351.8699,21.189621,21.213203,0.972516,0.97229505,57.73774047982437,94.8421087633397,False,False,1.3,257.0,0.00015441556174127728
348,20.5,7490.5,7.4,74,0,2081.5,0.7727272727272727,232.93143903850904,112.01129,19.29004,50.695168,21.189621,1.169966,0.972516,120.92014753460279,146.35860002399096,False,False,0.8,233.0,0.0003808942305053304
349,67.5,7509.5,7.4,74,2,2083.5,5.55,48.192711525208736,216.8699,292.0113,25.0,50.695168,0.95275694,1.169966,168.6771920392444,116.18142002130247,False,False,5.6,47.0,0.006626175140048455
350,52.5,7529.5,7.4,74,2,2085.5,4.05,48.192711525208736,234.09029,36.869904,35.805027,25.0,1.0000823,0.95275694,174.1024252703259,11.322807960755597,False,True,4.0,49.0,0.004484935971062656
351,23.5,7550.5,7.4,74,0,2087.5,1.0454545454545454,152.61025316316108,180.0,54.09027,23.0,35.805027,0.95943904,1.0000823,27.389746836838924,98.51998216706733,True,False,1.2,155.0,0.0132763713157718
352,23.5,7573.5,7.4,74,0,2089.5,1.0454545454545454,165.99711747571905,155.32315,0.0,40.718548,23.0,1.0479078,0.95943904,10.673966840953426,165.99711747571905,False,False,1.2,344.0,0.988904902912672
353,40.5,7610.5,7.4,75,1,2093.5,2.7222222222222223,16.064237175069575,207.75854,335.32315,21.470911,40.718548,0.9699738,1.0479078,168.3056922531946,40.74108654030397,False,False,2.7,21.0,0.027420904582946864
354,30.5,7629.5,7.4,75,0,2095.5,1.6818181818181819,219.544574725951,200.85445,27.758545,22.472204,21.470911,0.9624841,0.9699738,18.690128314818196,168.213970195924,True,False,1.6,18.0,0.8803079181891611
355,22.5,7650.5,7.4,75,0,2097.5,0.9545454545454546,131.19127026306828,121.504265,20.854431,36.359318,22.472204,1.0049117,0.9624841,9.687005431525307,110.33683911072453,False,False,1.0,12.0,0.6621737236837129
356,53.5,7669.5,7.4,75,2,2099.5,4.15,32.12847435013915,201.8014,301.50427,21.540659,36.359318,0.96937454,1.0049117,169.67293251021238,90.62420188920163,False,False,4.1,34.0,0.010397364721449125
357,45.5,7689.5,7.4,76,1,2101.5,3.2777777777777777,342.7037264014845,164.05461,21.801392,21.84033,21.540659,0.96693563,0.96937454,178.64911519542983,39.097665200077984,False,False,3.3,344.0,0.007201519991752687
358,51.5,7710.5,7.4,76,1,2103.5,3.9444444444444446,315.92999777636857,209.74487,344.05463,24.186773,21.84033,0.9546125,0.96693563,106.18512472949357,28.124628688475184,False,True,3.8,321.0,0.028166679020174633
359,39.5,7731.5,7.4,76,1,2105.5,2.611111111111111,291.8336420137642,109.76717,29.744873,68.007355,24.186773,1.4235466,0.9546125,177.93353175332567,97.91123103311082,False,False,2.6,292.0,0.0009242110346434629
360,103.5,7754.5,7.4,76,4,2107.5,9.5,235.60881190102063,235.00798,289.76718,36.619667,68.007355,1.0072352,1.4235466,0.6008315543409424,54.158369495463745,False,False,9.6,240.0,0.02439548943877428
361,73.5,7775.5,7.4,76,3,2109.5,6.166666666666667,235.60881190102063,248.19858,55.007996,53.851646,36.619667,1.2132131,1.0072352,12.589765979838745,179.3991837044481,False,False,6.4,241.0,0.029951044994329833
362,23.5,7795.5,7.4,77,0,2111.5,1.0454545454545454,254.3504219386018,192.26479,68.19858,23.537205,53.851646,0.9569235,1.2132131,62.08563617200025,173.84815594225756,False,False,1.1,258.0,0.020275433674434375
363,18.5,7818.5,7.4,77,0,2113.5,0.5909090909090909,208.83508327590462,159.77515,12.2647705,20.248457,23.537205,0.9825719,0.9569235,49.05993679152962,163.4296872319079,False,False,0.9,213.0,0.02313842624497432
364,25.5,7837.5,8.4,77,0,2115.5,1.2272727272727273,207.1856348033357,173.99098,339.77515,19.104973,20.248457,1.0146656,0.9825719,33.194652747671626,132.5895116810393,False,False,1.2,200.0,0.03992019335186493
365,27.5,7856.5,7.4,77,0,2117.5,1.4090909090909092,291.8336420137642,210.57922,353.99097,25.553865,19.104973,0.95210147,1.0146656,81.25441838095168,62.15732478311082,False,False,1.5,298.0,0.034257544367976796
366,14.5,7878.5,7.4,77,0,2119.5,0.22727272727272727,131.19127026306828,171.46922,30.579224,20.22375,25.553865,0.98287004,0.95210147,40.27795275939266,100.61204663025578,False,False,0.2,130.0,0.006618168128157088
367,17.5,7898.5,7.3,78,0,2121.5,0.5,126.42730577468421,165.96375,351.46924,20.615528,20.22375,0.9770784,0.98287004,39.536439342503286,134.9580674934342,False,False,0.9,136.0,0.0531816345850877
368,22.5,7918.5,7.4,78,0,2123.5,0.9545454545454546,259.705167663625,149.03624,345.96375,23.323807,20.615528,0.9578547,0.9770784,110.66892803960155,86.25857745356251,False,False,1.0,259.0,0.003917598131249949
369,34.5,7938.5,7.4,78,1,2125.5,2.0555555555555554,259.705167663625,168.69008,329.03625,20.396078,23.323807,0.98082846,0.9578547,91.01508892827343,69.33108721918751,False,False,2.1,257.0,0.01502870924236106
370,38.5,7958.5,7.4,78,1,2127.5,2.5,270.4146591136714,136.54816,348.69006,26.172504,20.396078,0.95190793,0.98082846,133.86650237539016,78.2754043628911,False,False,2.5,272.0,0.008807449368492194
371,56.5,7977.5,7.4,78,2,2129.5,4.45,16.064237175069575,102.183655,316.54816,90.02777,26.172504,1.7807312,0.95190793,86.11941761008666,59.51608043678834,False,False,4.4,20.0,0.021865349027391307
372,144.5,7996.5,7.1,79,7,2131.0,14.3125,84.17863378831532,258.38147,282.18365,109.23827,90.02777,2.1276026,1.7807312,174.20283593824718,161.99497900315907,False,False,4.4,20.0,0.35654796549064066
373,37.5,8018.5,7.4,79,1,2133.5,2.388888888888889,42.837965800185536,117.758545,78.38147,42.941822,109.23827,1.0726942,2.1276026,74.92057912168946,35.54350392637696,False,False,2.3,194.0,0.8397890788878581
374,75.5,8038.5,7.4,79,3,2135.5,6.388888888888889,222.22194758846263,196.69925,297.75854,20.880613,42.941822,0.97554696,1.0726942,25.5226983208845,75.53659733341237,False,False,6.5,222.0,0.0012330421581257017
375,69.5,8058.5,7.4,79,2,2137.5,5.75,227.57669331348583,237.65256,16.69925,35.510563,20.880613,0.99758387,0.97554696,10.075864059561042,149.12255595409226,False,False,5.8,230.0,0.013462814925078703
376,39.5,8077.5,7.4,79,1,2139.5,2.611111111111111,278.4467777012062,177.39743,57.652557,22.022715,35.510563,0.96555656,0.99758387,101.04934728128433,139.20577967184067,False,False,2.6,285.0,0.036406790548854435
377,40.5,8099.5,7.4,80,1,2141.5,2.7222222222222223,123.15915167553348,153.43495,357.39743,22.36068,22.022715,0.9632042,0.96555656,30.275800106693083,125.76172125561163,True,False,2.7,124.0,0.004671379580369559
378,50.5,8119.5,7.4,80,1,2143.5,3.833333333333333,235.60881190102063,141.70984,333.43494,24.207438,22.36068,0.95455146,0.9632042,93.89897303383313,97.82612462241684,False,False,3.8,237.0,0.007728822772107612
379,65.5,8138.5,7.4,80,2,2145.5,5.35,216.86720186343942,190.7843,321.70984,21.377558,24.207438,0.9707951,0.95455146,26.08290010562692,104.84263700374811,True,False,5.4,221.0,0.02295998964755878
380,61.5,8159.5,7.4,80,2,2147.5,4.95,165.99711747571905,93.320076,10.784302,362.6086,21.377558,6.6511803,0.9707951,72.67704148694952,155.21281571790655,False,False,4.9,161.0,0.02776176375399473
381,423.5,8180.5,7.3,80,28,2149.5,56.27272727272727,107.59770704228444,90.0,273.32007,348.0,362.6086,6.4091415,6.6511803,17.59770704228444,165.72236131709053,False,False,6.5,198.0,0.5022349608761976
382,75.5,8180.5,7.4,80,3,2149.5,6.388888888888889,195.44821896334662,242.85033,270.0,43.829212,348.0,1.0830346,6.4091415,47.40210757473932,74.55178103665338,False,False,6.5,198.0,0.014176561314741005
383,36.5,8200.5,7.4,81,1,2151.5,2.2777777777777777,265.05991338864817,170.13419,62.85034,23.345236,43.829212,0.9577573,1.0830346,94.92572759763254,157.79042840822683,False,False,2.3,263.0,0.011443963270267608
384,40.5,8223.5,4.6,81,1,2154.0,2.7222222222222223,292.63973557264114,219.09386,350.1342,20.615528,23.345236,0.94616205,0.9577573,73.5458787611177,57.49445021837448,False,False,2.4,284.0,0.047998530959117464
385,27.5,8239.5,7.4,81,0,2155.5,1.4090909090909092,270.4146591136714,166.6075,39.093872,21.587032,20.615528,0.9689827,0.94616205,103.80716094472609,128.6792129566411,False,False,1.5,273.0,0.01436300492404775
386,32.5,8260.5,7.4,81,0,2157.5,1.8636363636363635,265.05991338864817,217.87498,346.60748,22.803509,21.587032,0.9605042,0.9689827,47.18492864743723,81.54756952150808,False,False,1.9,262.0,0.016999518825823165
387,18.5,8278.5,7.4,81,0,2159.5,0.5909090909090909,230.25406617599742,185.7106,37.875,20.09975,22.803509,0.984394,0.9605042,44.5434643693568,167.62093382400258,False,False,0.6,234.0,0.020810743466680985
388,16.5,8298.5,7.4,82,0,2161.5,0.4090909090909091,187.41610037581185,161.56505,5.710602,22.135944,20.09975,0.9647395,0.984394,25.851052158038414,178.29450143082875,True,False,0.4,179.0,0.04675611319895473
389,23.5,8319.5,7.4,82,0,2163.5,1.0454545454545454,313.25262491385695,177.13759,341.56506,20.024984,22.135944,0.9853357,0.9647395,136.1150364128804,28.31243856270555,False,True,,,
390,24.5,8339.5,7.4,82,0,2165.5,1.1363636363636365,275.7694048386946,206.56505,357.13757,20.12461,20.024984,0.9840848,0.9853357,69.20435662092115,81.36816840349292,False,False,1.2,278.0,0.012392195340585646
391,15.5,8357.5,4.6,82,0,2167.0,0.3181818181818182,277.23764422671263,174.55966,26.565063,21.095022,20.12461,0.9439257,0.9840848,102.67798236147826,109.32741924984987,False,False,1.2,278.0,0.004235309851596488
392,17.5,8378.5,7.4,82,0,2169.5,0.5,16.064237175069575,169.2157,354.55966,21.377558,21.095022,0.9707951,0.9439257,153.1514610671179,21.504575309835218,False,True,0.6,327.0,0.2725790954170533
393,21.5,8399.5,7.4,83,0,2171.5,0.8636363636363636,131.19127026306828,194.03624,349.2157,20.615528,21.377558,0.97835416,0.9707951,62.84496936095516,141.9755720208808,False,False,0.9,1.0,0.7232848347948239
394,16.5,8419.5,7.4,83,0,2173.5,0.4090909090909091,69.61169442530152,167.19574,14.036255,22.561028,20.615528,0.9619302,0.97835416,97.58404532079226,55.57543954248902,False,False,0.6,62.0,0.04228719125167512
395,21.5,8441.5,7.4,83,0,2175.5,0.8636363636363636,208.83508327590462,177.13759,347.19574,20.024984,22.561028,0.9853357,0.9619302,31.69749477492806,138.36065647018916,False,False,0.9,334.0,0.6953606484671966
396,22.5,8461.5,7.4,83,0,2177.5,0.9545454545454546,136.54601598809145,188.1301,357.13757,21.213203,20.024984,0.97229505,0.9853357,51.58408044745542,139.40844274590393,False,False,1.0,352.0,0.8030334221560634
397,19.5,8482.5,7.4,83,0,2179.5,0.6818181818181818,69.61169442530152,191.30992,8.130096,20.396078,21.213203,0.98082846,0.97229505,121.69822683934694,61.48159798975465,False,False,1.0,68.0,0.008953857918341789
398,15.5,8502.5,7.4,84,0,2181.5,0.3181818181818182,101.7401687754407,170.53769,11.309937,18.248287,20.396078,1.0132707,0.98082846,68.7975204335437,90.4302322520032,False,False,0.3,109.0,0.040332395691996224
399,18.5,8520.5,8.4,84,0,2183.5,0.5909090909090909,40.92555749201691,180.0,350.5377,20.0,18.248287,1.0000678,1.0132707,139.07444250798312,50.3878682830325,False,False,0.7,160.0,0.6615246805999061
400,18.5,8540.5,7.4,84,0,2185.5,0.5909090909090909,216.86720186343942,141.70984,0.0,24.207438,20.0,0.95455146,1.0000678,75.15736299625192,143.1327981365606,False,False,0.6,216.0,0.004817788130218995
401,33.5,8559.5,6.2,84,0,2187.5,1.9545454545454546,260.95107747406155,182.7263,321.70984,21.023796,24.207438,0.9603413,0.95455146,78.22477437347561,60.75876139312595,False,False,1.9,268.0,0.039160680699658064
402,32.5,8580.5,7.4,84,0,2189.5,1.8636363636363635,275.7694048386946,204.22775,2.7263184,21.931713,21.023796,0.96623486,0.9603413,71.54165215314771,86.95691352068042,False,False,1.9,283.0,0.04016997311836342
403,23.5,8600.5,7.4,85,0,2191.5,1.0454545454545454,297.1883877387874,196.69925,24.227753,20.880613,21.931713,0.97554696,0.96623486,100.48913847120929,87.03936494675946,False,False,1.1,302.0,0.02673117922895882
404,17.5,8620.5,7.4,85,0,2193.0,0.5,155.28762602567267,177.7974,16.69925,26.019224,20.880613,0.9519049,0.97554696,22.50976777315546,138.58837675809454,True,False,1.1,302.0,0.8150687443018185
405,18.5,8646.5,7.4,85,0,2195.5,0.5909090909090909,321.2847435013918,151.18921,357.7974,22.825424,26.019224,0.9603814,0.9519049,170.0955345170168,36.51265029743632,False,False,0.8,308.0,0.07380413056328779
406,29.5,8666.5,7.4,85,0,2197.5,1.5909090909090908,165.99711747571905,193.3925,331.1892,21.587032,22.825424,0.9689827,0.9603814,27.395384355335636,165.19209150865595,True,False,1.5,334.0,0.9333493473571164
407,24.5,8687.5,6.2,85,0,2199.5,1.1363636363636365,42.546371327292626,153.43495,13.392517,20.12461,21.587032,0.96816343,0.9689827,110.88858045493396,29.153854237448883,False,False,1.4,315.0,0.48636872959607
408,33.5,8705.5,7.4,86,0,2201.5,1.9545454545454546,265.05991338864817,147.5288,333.43494,26.076809,20.12461,0.95190215,0.96816343,117.53112005368723,68.37502313478933,False,False,2.1,269.0,0.021889370063065725
409,47.5,8727.5,7.4,86,1,2203.5,3.5,120.48177881302188,214.38034,327.5288,23.021729,26.076809,0.95932615,0.95190215,93.89856176314998,152.9529702192719,False,False,3.3,119.0,0.008232104516788278
410,34.5,8746.5,7.4,86,1,2205.5,2.0555555555555554,91.03067732539431,210.96376,34.38034,23.323807,23.021729,0.9578547,0.95932615,119.93308305058224,56.65033674922243,False,False,2.2,93.0,0.0109406815255871
411,22.5,8766.5,7.4,86,0,2207.5,0.9545454545454546,0.0,200.22485,30.963745,20.248457,23.323807,0.9825719,0.9578547,159.775146484375,30.9637451171875,False,True,1.0,5.0,0.027777777777777776
412,15.5,8785.5,7.4,86,0,2209.5,0.3181818181818182,174.02923606325385,168.95906,20.224854,41.773197,20.248457,1.0594563,0.9825719,5.070175394308535,153.80438254762885,False,False,0.3,313.0,0.7720597996485897
413,23.5,8826.5,7.4,87,0,2213.5,1.0454545454545454,342.7037264014845,153.43495,348.95905,22.36068,41.773197,0.9632042,1.0594563,170.73122538074205,6.255319008671734,False,False,1.2,300.0,0.23724292445269177
414,33.5,8846.5,7.4,87,0,2215.5,1.9545454545454546,257.02779480111343,201.8014,333.43494,21.540659,22.36068,0.96937454,0.9632042,55.22638794076187,76.40714172232407,False,False,2.0,257.0,0.00015441556174127728
415,25.5,8866.5,7.4,87,0,2217.5,1.2272727272727273,267.7372862511598,185.44034,21.801392,21.095022,21.540659,0.9734168,0.96937454,82.29694811639416,114.06410535040271,False,False,1.3,268.0,0.0014595208268900705
416,23.5,8887.5,7.4,87,0,2219.5,1.0454545454545454,310.5752520513454,188.97263,5.440338,19.235384,21.095022,0.99637413,0.9734168,121.60262631892351,54.86508608342024,False,False,0.9,313.0,0.01347082193697007
417,20.5,8906.5,7.3,88,0,2221.5,0.7727272727272727,298.58363704233994,174.2894,8.972626,20.09975,19.235384,0.98301566,0.99637413,124.29423884898057,70.38898869008193,False,False,0.9,298.0,0.003242428012999691
418,22.5,8926.5,7.4,88,0,2223.5,0.9545454545454546,291.8336420137642,161.56505,354.2894,22.135944,20.09975,0.9647395,0.98301566,130.26859379599074,62.4557561795952,False,False,1.0,294.0,0.012035322145754574
419,29.5,8947.5,7.4,88,0,2225.5,1.5909090909090908,313.25262491385695,180.0,341.56506,19.0,22.135944,1.000074,0.9647395,133.25262491385695,28.31243856270555,False,True,1.7,330.0,0.09304097270079473
420,29.5,8966.5,8.4,88,0,2227.5,1.5909090909090908,212.30132948983783,185.44034,0.0,21.095022,19.0,0.9857116,1.000074,26.8609913550722,147.69867051016217,False,False,1.6,342.0,0.720548169500901
421,27.5,8987.5,7.4,88,0,2229.5,1.4090909090909092,257.02779480111343,216.38435,5.440338,23.600847,21.095022,0.9566626,0.9857116,40.64344116341812,108.4125433336522,False,False,1.2,347.0,0.4998455844382587
422,13.5,9006.5,7.4,89,0,2231.5,0.13636363636363635,10.709491450046382,165.96375,36.38434,20.615528,23.600847,0.97835416,0.9566626,155.25425366714114,25.674846928859864,False,True,0.1,6.0,0.026163841389146587
423,18.5,9026.5,7.4,89,0,2233.5,0.5909090909090909,230.25406617599742,145.1755,345.96375,28.01785,20.615528,0.95434266,0.97835416,85.07855958420055,115.70967894119008,False,False,0.6,238.0,0.043032965688903205
424,34.5,9049.5,7.4,89,1,2235.5,2.0555555555555554,267.7372862511598,191.30992,325.1755,20.396078,28.01785,0.98082846,0.95434266,76.42736498651135,57.43822034063709,False,False,2.1,272.0,0.023681743049112292
425,30.5,9069.5,7.4,89,0,2237.5,1.6818181818181819,257.02779480111343,202.83365,11.309937,20.615528,20.396078,0.97835416,0.98082846,54.194146119472805,114.28214172232407,False,False,1.5,255.0,0.011265526672852388
426,22.5,9088.5,7.4,89,0,2239.5,0.9545454545454546,123.15915167553348,158.1986,22.833649,21.540659,20.615528,0.96937454,0.97835416,35.03944146411496,100.32550299389285,False,False,1.3,178.0,0.30467137958036955
427,30.5,9108.5,7.4,90,0,2241.5,1.6818181818181819,5.354745725023191,194.03624,338.1986,20.615528,21.540659,0.97835416,0.96937454,171.31850610099974,27.156137326585622,False,True,1.7,193.0,0.9575263651390177
428,25.5,9128.5,7.4,90,0,2243.5,1.2272727272727273,307.89787918883377,145.00798,14.036255,24.41311,20.615528,0.9539843,0.97835416,162.88989884215408,66.13837569397873,False,False,1.4,310.0,0.011678448950923502
429,39.5,9148.5,7.4,90,1,2245.5,2.611111111111111,291.8336420137642,177.13759,325.008,20.024984,24.41311,0.9853357,0.9539843,114.69605351278761,33.17435359170457,False,True,2.7,295.0,0.01759087770131013
430,40.5,9168.5,7.4,90,1,2247.5,2.7222222222222223,289.15626915125256,106.782646,357.13757,65.802734,20.024984,1.3894318,0.9853357,177.62637702794666,67.98130409093494,False,False,2.8,294.0,0.02690961582637467
431,103.5,9187.5,7.4,90,4,2249.5,9.5,133.86864312557987,253.37924,286.78265,69.92139,65.802734,1.4534774,1.3894318,119.51059881777951,152.91401068301388,False,False,9.6,130.0,0.02149246180877703
432,36.5,9207.5,6.2,91,1,2251.5,2.2777777777777777,303.4974488013539,174.2894,73.37924,20.09975,69.92139,0.96841145,1.4534774,129.20805060799455,129.88179314200545,False,False,2.1,315.0,0.0639030622147004
433,38.5,9227.5,7.4,91,1,2253.5,2.5,297.1883877387874,96.05419,354.2894,199.11052,20.09975,3.6957502,0.96841145,158.86580385056806,57.10101045457196,False,False,2.6,300.0,0.01562006811784771
434,236.5,9248.5,8.4,91,13,2255.5,26.357142857142858,204.62778746008465,262.58536,276.0542,147.23111,199.11052,2.6801162,3.6957502,57.95757020593098,71.42641175866535,False,False,26.5,206.0,0.007623402999529737
435,90.5,9267.5,7.4,91,4,2257.5,8.055555555555555,64.25694870027833,252.07208,82.58536,71.470276,147.23111,1.4778941,2.6801162,172.18486618074706,18.32840896573731,False,False,8.2,63.0,0.006983048334879527
436,22.5,9289.5,7.4,91,0,2259.5,0.9545454545454546,13.386864312557979,180.0,72.07208,20.0,71.470276,0.9856542,1.4778941,166.61313568744202,58.685218206973275,False,False,1.0,19.0,0.031184087152455693
437,22.5,9309.5,7.4,92,0,2261.5,0.9545454545454546,58.90220297525513,180.0,0.0,19.0,20.0,1.000074,0.9856542,121.09779702474486,58.902202975255136,False,False,1.0,64.0,0.02832109458191591
438,22.5,9328.5,7.1,92,0,2263.5,0.9545454545454546,40.73159699434611,176.98721,0.0,19.026299,19.0,0.9948621,1.000074,136.25561614041953,40.73159699434612,False,False,0.8,26.0,0.0818422055241451
439,23.5,9347.5,7.4,92,0,2265.5,1.0454545454545454,323.96211636390336,155.55605,356.9872,24.166092,19.026299,0.9546744,0.9948621,168.4060708316768,33.02509677086226,False,False,1.2,7.0,0.2390993535338702
440,33.5,9369.5,7.4,92,0,2267.5,1.9545454545454546,227.57669331348583,191.88866,335.55603,19.416489,24.166092,0.9936594,0.9546744,35.688036697274896,107.97933695995164,False,False,2.0,340.0,0.6245739260361898
441,29.5,9388.5,7.3,92,0,2269.5,1.5909090909090908,325.4830638029113,191.30992,11.888672,20.396078,19.416489,0.9795094,0.9936594,134.17314253826288,46.40560807208868,False,False,1.5,329.0,0.019538534428270457
442,25.5,9408.5,7.4,93,0,2271.5,1.2272727272727273,294.5110148762758,198.43495,11.309937,22.135944,20.396078,0.9647395,0.9795094,96.07606309404923,76.7989216471617,False,False,1.4,298.0,0.019383250687356697
443,18.5,9429.5,7.4,93,0,2273.5,0.5909090909090909,278.4467777012062,157.75098,18.434937,23.769728,22.135944,0.9560072,0.9647395,120.6958011387062,99.9881588222313,False,False,0.8,286.0,0.04196234610440999
444,27.5,9451.5,7.4,93,0,2275.5,1.4090909090909092,326.639489226415,170.13419,337.75098,23.345236,23.769728,0.9577573,0.9560072,156.50530343539936,11.11148733608502,False,True,1.3,342.0,0.08533617096436122
445,31.5,9474.5,7.4,93,0,2277.5,1.7727272727272727,208.83508327590462,180.0,350.1342,21.0,23.345236,0.97434574,0.9577573,28.835083275904623,141.29910251511103,False,False,1.8,334.0,0.6953606484671966
446,31.5,9495.5,7.4,93,0,2279.5,1.7727272727272727,291.8336420137642,205.34618,0.0,21.023796,21.0,0.97411084,0.97434574,86.48746586630324,68.16635798623582,False,False,1.5,290.0,0.010186900076467649
447,22.5,9514.5,7.4,94,0,2281.5,0.9545454545454546,318.6073706388802,188.97263,25.346191,19.235384,21.023796,0.99637413,0.97411084,129.6347449064583,66.73882076736982,False,False,1.0,328.0,0.052181274228443424
448,19.5,9533.5,7.3,94,0,2283.5,0.6818181818181818,145.25690450708402,188.53078,8.972626,20.22375,19.235384,0.9815166,0.99637413,43.273872470455046,136.28427877466214,False,False,0.7,143.0,0.012538358372688978
449,16.5,9553.5,7.4,94,0,2285.5,0.4090909090909091,283.8015234262294,147.72437,8.530762,22.472204,20.22375,0.9624841,0.9815166,136.07715819185438,84.72923829252062,False,False,0.3,294.0,0.05665820318761455
450,28.5,9572.5,6.2,94,0,2287.5,1.5,130.4755387370309,171.8699,327.72437,21.213203,22.472204,0.95896363,0.9624841,41.39436482742224,162.7511735026559,False,False,1.7,341.0,0.8304196596501716
451,31.5,9593.5,7.4,94,0,2289.5,1.7727272727272727,16.064237175069575,125.537674,351.8699,34.4093,21.213203,0.9886761,0.95896363,109.47343677512572,24.194333610616468,False,True,1.8,3.0,0.07257909541705314
452,59.5,9613.5,7.4,95,2,2291.5,4.75,350.73584498901937,216.8699,305.53766,25.0,34.4093,0.95275694,0.9886761,133.86594142456624,45.19818629761312,False,False,4.7,,
453,44.5,9633.5,7.4,95,1,2293.5,3.166666666666667,348.05847212650775,209.47588,36.869904,26.41969,25.0,0.95198095,0.95275694,138.58259627201556,48.81143143794537,False,False,3.3,345.0,0.016991511813931954
454,31.5,9656.5,7.4,95,0,2295.5,1.7727272727272727,171.35186320074226,200.22485,29.475891,20.248457,26.41969,0.9825719,0.95198095,28.872990314882742,141.875972087461,False,False,1.7,205.0,0.18693409332920968
455,24.5,9675.5,7.4,95,0,2297.5,1.1363636363636365,182.06135465078864,199.98311,20.224854,23.409399,20.248457,0.9574706,0.9825719,17.92175386971917,161.83650113516364,True,False,1.3,248.0,0.36632580749561866
456,16.5,9697.5,5.9,95,0,2299.5,0.4090909090909091,48.94614306806689,101.08257,19.983093,98.84331,23.409399,2.0254211,0.9574706,52.136429868944845,28.963049806348124,False,True,1.0,334.0,0.4163674614892604
457,113.5,9716.5,7.4,96,5,2301.5,10.647058823529411,66.93432156278992,206.56505,281.08258,22.36068,98.84331,0.9632042,2.0254211,139.6307266549835,145.85174099638368,False,False,10.7,69.0,0.011475991317833707
458,103.5,9736.5,8.2,96,4,2303.5,9.5,141.9490045177546,103.877525,26.565063,87.555695,22.36068,1.699173,0.9632042,38.071479188164744,115.38394104119209,False,False,9.6,143.0,0.005838863790252289
459,188.5,9757.5,8.2,96,9,2305.5,19.933333333333334,139.3681135265227,261.6341,283.87753,137.46272,87.555695,2.5307643,1.699173,122.26598071175852,144.50941943246164,False,False,19.9,136.0,0.01871174181401503
460,52.5,9777.5,7.4,96,2,2307.5,4.05,50.87008438772034,209.74487,81.634094,24.186773,137.46272,0.9546125,2.5307643,158.87478865915466,30.76400985056091,False,False,3.9,54.0,0.017388420068220334
461,40.5,9798.5,7.4,96,1,2309.5,2.7222222222222223,58.90220297525513,101.30993,29.744873,91.78235,24.186773,1.8101131,0.9546125,42.40772591878783,29.157329928380136,False,True,2.9,58.0,0.005012238751417423
462,130.5,9816.5,7.4,97,6,2311.5,12.647058823529411,141.90076171311466,188.1301,281.30994,21.213203,91.78235,0.97229505,1.8101131,46.22933472243221,139.40917481032284,False,False,12.7,138.0,0.021670898406192567
463,127.5,9837.5,7.4,97,6,2313.5,12.294117647058824,48.192711525208736,151.18921,8.130096,22.825424,21.213203,0.9603814,0.97229505,102.99649745916628,40.06261508966185,False,False,12.3,139.0,0.5044849359710626
464,138.5,9857.5,7.4,97,6,2315.5,13.588235294117647,136.54601598809145,160.01689,331.1892,23.409399,22.825424,0.9574706,0.9603814,23.470875491400733,165.35680700371643,True,False,13.6,132.0,0.025255644378285858
465,146.5,9879.5,7.4,97,7,2317.5,14.5625,123.15915167553348,253.73979,340.0169,75.0,23.409399,1.5341306,0.9574706,130.58064019458368,143.14224493725226,False,False,14.6,125.0,0.010226935135925114
466,74.5,9900.5,7.4,97,3,2319.5,6.277777777777778,104.4175416379523,127.30396,73.73981,26.400757,75.0,0.9519723,1.5341306,22.886421069567234,30.677734509046047,True,False,6.3,117.0,0.06990254645582057
467,95.5,9916.5,7.3,98,4,2321.5,8.61111111111111,45.729025492970884,100.14079,307.30396,124.95199,26.400757,2.3874087,0.9519723,54.4117673537088,98.42507041484589,False,False,8.7,40.0,0.03182791940539384
468,218.5,9938.5,7.4,98,11,2323.5,23.933333333333334,165.99711747571905,263.33334,280.1408,155.04839,124.95199,2.9094143,2.3874087,97.33622603014032,114.1436906297497,False,False,23.8,164.0,0.011095097087328061
469,64.5,9956.5,7.4,98,2,2325.5,5.25,176.70660892576544,200.85445,83.33334,22.472204,155.04839,0.9624841,2.9094143,24.147837485367376,93.37326541990606,True,False,5.2,170.0,0.03725893847647465
470,56.5,9977.5,7.4,98,2,2327.5,4.45,168.67449033823067,119.19748,20.854431,38.948685,22.472204,1.0294646,0.9624841,49.477011090183794,147.82005918588692,False,False,4.4,165.0,0.020413835212392605
471,90.5,9996.5,7.1,98,4,2329.5,8.055555555555555,162.92638797738434,101.53462,299.19748,100.02,38.948685,1.9678586,1.0294646,61.391765785001525,136.2710912706625,False,False,,,
472,188.5,10016.5,7.3,99,9,2331.5,19.933333333333334,158.70661788736953,246.37062,281.5346,52.392746,100.02,1.1954675,1.9678586,87.66400284016953,122.82798904622422,False,False,20.0,158.0,0.003925654929830734
473,140.5,10037.5,7.4,99,6,2333.5,13.823529411764707,42.837965800185536,233.47116,66.370605,33.600594,52.392746,0.98260164,1.1954675,169.36680491151367,23.532639668564457,False,False,13.9,173.0,0.7231224122211914
474,113.5,10057.5,7.4,99,5,2335.5,10.647058823529411,190.09347323832344,103.360214,53.47116,82.2253,33.600594,1.6514348,0.98260164,86.733259004925,136.62231234965157,False,False,10.7,190.0,0.0005192957684635581
475,193.5,10076.5,7.4,99,10,2337.5,20.6,171.35186320074226,155.77226,283.36023,21.931713,82.2253,0.96623486,1.6514348,15.57960062750007,112.00836629144521,True,False,20.6,165.0,0.03528812889301255
476,202.5,10096.5,7.4,99,10,2339.5,21.8,307.89787918883377,152.24146,335.77228,21.470911,21.931713,0.9699738,0.96623486,155.65642411070877,27.87439864319748,False,True,21.7,164.0,0.7994326621601876
477,212.5,10115.5,7.4,100,11,2341.0,23.133333333333333,302.54313346381053,170.13419,332.24146,23.345236,21.470911,0.9577573,0.9699738,132.4089476727949,29.698321614314466,False,False,21.7,164.0,0.7696840747989474
478,216.5,10138.5,7.4,100,11,2343.5,23.666666666666668,165.99711747571905,187.76515,350.1342,22.203604,23.345236,0.9642653,0.9577573,21.76803450182001,175.86293168470343,True,False,23.7,166.0,1.6014023783049602e-05
479,213.5,10160.5,6.2,100,11,2345.5,23.266666666666666,170.18548530917076,,7.7651367,,22.203604,,0.9642653,,162.42034859042076,False,False,23.3,169.0,0.006586029495393101
